index,title,topic,source,rating,annotator_A_json,annotator_B_json,annotator_C_json,final_json
0,"'pathetic rout,' 'tragic mistake' and 'painful' john mccain holds little back in describing helsinki",legal arguments,The Washington Post,left,"{
  ""annotations"": [
    {
      ""text"": ""no polarizing language selected"",
      ""category"": ""No Polarizing language"",
      ""subcategory"": ""no polarizing language"",
      ""paragraphIndex"": 0
    },
    {
      ""text"": ""tragic mistake"",
      ""category"": ""Inflammatory Language"",
      ""subcategory"": ""Name-Calling"",
      ""paragraphIndex"": 1
    },
    {
      ""text"": ""what may he thinks may be incalculable damage to U.S. foreign policy"",
      ""category"": ""Persuasive Propaganda"",
      ""subcategory"": ""Exaggeration"",
      ""paragraphIndex"": 1
    },
    {
      ""text"": ""no polarizing language selected"",
      ""category"": ""No Polarizing language"",
      ""subcategory"": ""no polarizing language"",
      ""paragraphIndex"": 2
    },
    {
      ""text"": ""one of the most disgraceful performances by an American president in memory"",
      ""category"": ""Inflammatory Language"",
      ""subcategory"": ""Name-Calling"",
      ""paragraphIndex"": 3
    },
    {
      ""text"": ""tragic mistake"",
      ""category"": ""Inflammatory Language"",
      ""subcategory"": ""Name-Calling"",
      ""paragraphIndex"": 3
    },
    {
      ""text"": ""proved not only unable, but unwilling to stand up to Putin"",
      ""category"": ""Inflammatory Language"",
      ""subcategory"": ""Name-Calling"",
      ""paragraphIndex"": 3
    },
    {
      ""text"": ""defend a tyrant against the fair questions of a free press"",
      ""category"": ""Inflammatory Language"",
      ""subcategory"": ""Demonization"",
      ""paragraphIndex"": 4
    },
    {
      ""text"": ""grant Putin an uncontested platform to spew propaganda and lies to the world"",
      ""category"": ""Inflammatory Language"",
      ""subcategory"": ""Demonization"",
      ""paragraphIndex"": 4
    },
    {
      ""text"": ""tempting to describe the press conference as a pathetic rout"",
      ""category"": ""Inflammatory Language"",
      ""subcategory"": ""Name-Calling"",
      ""paragraphIndex"": 5
    },
    {
      ""text"": ""deliberate choices of a president who seems determined to realize his delusions"",
      ""category"": ""Inflammatory Language"",
      ""subcategory"": ""Name-Calling"",
      ""paragraphIndex"": 5
    },
    {
      ""text"": ""his violent disregard for the sovereignty of his neighbors"",
      ""category"": ""Inflammatory Language"",
      ""subcategory"": ""Demonization"",
      ""paragraphIndex"": 5
    },
    {
      ""text"": ""his complicity in the slaughter of the Syrian people"",
      ""category"": ""Inflammatory Language"",
      ""subcategory"": ""Demonization"",
      ""paragraphIndex"": 5
    },
    {
      ""text"": ""his assault on democratic institutions throughout the world"",
      ""category"": ""Inflammatory Language"",
      ""subcategory"": ""Demonization"",
      ""paragraphIndex"": 5
    },
    {
      ""text"": ""bombastic and erratic conduct towards our closest friends and allies"",
      ""category"": ""Inflammatory Language"",
      ""subcategory"": ""Name-Calling"",
      ""paragraphIndex"": 6
    },
    {
      ""text"": ""marks a recent low point in the history of the American Presidency"",
      ""category"": ""Persuasive Propaganda"",
      ""subcategory"": ""Exaggeration"",
      ""paragraphIndex"": 6
    },
    {
      ""text"": ""his blunders and capitulations all the more painful and inexplicable"",
      ""category"": ""Inflammatory Language"",
      ""subcategory"": ""Name-Calling"",
      ""paragraphIndex"": 6
    },
    {
      ""text"": ""No prior president has ever abased himself more abjectly before a tyrant"",
      ""category"": ""Persuasive Propaganda"",
      ""subcategory"": ""Exaggeration"",
      ""paragraphIndex"": 7
    },
    {
      ""text"": ""before a tyrant"",
      ""category"": ""Inflammatory Language"",
      ""subcategory"": ""Name-Calling"",
      ""paragraphIndex"": 7
    },
    {
      ""text"": ""failed to defend all that makes us who we are a republic of free people"",
      ""category"": ""Persuasive Propaganda"",
      ""subcategory"": ""Causal Oversimplification"",
      ""paragraphIndex"": 7
    },
    {
      ""text"": ""Americans are waiting and hoping for President Trump to embrace that sacred responsibility"",
      ""category"": ""Persuasive Propaganda"",
      ""subcategory"": ""Bandwagon"",
      ""paragraphIndex"": 7
    },
    {
      ""text"": ""One can only hope they are not waiting totally in vain"",
      ""category"": ""Persuasive Propaganda"",
      ""subcategory"": ""Doubt"",
      ""paragraphIndex"": 7
    },
    {
      ""text"": ""no polarizing language selected"",
      ""category"": ""No Polarizing language"",
      ""subcategory"": ""no polarizing language"",
      ""paragraphIndex"": 8
    }
  ]
}","{
  ""title"": ""'pathetic rout,' 'tragic mistake' and 'painful' john mccain holds little back in describing helsinki"",
  ""topic"": ""legal arguments"",
  ""source"": ""The Washington Post"",
  ""rating"": ""left"",
  ""annotations"": [
    {
      ""category"": ""Persuasive Propaganda"",
      ""subcategory"": ""exaggeration"",
      ""text"": ""most disgraceful performances by an American president in memory"",
      ""openFeedback"": ""The speaker uses hyperbole ('most disgraceful... in memory') to frame the event as historically catastrophic."",
      ""paragraphIndex"": 0
    },
    {
      ""category"": ""Inflammatory Language"",
      ""subcategory"": ""name-calling"",
      ""text"": ""naiveté, egotism, false equivalence, and sympathy for autocrats"",
      ""openFeedback"": ""The speaker applies a list of negatively charged abstract labels to the President's character."",
      ""paragraphIndex"": 0
    },
    {
      ""category"": ""Inflammatory Language"",
      ""subcategory"": ""name-calling"",
      ""text"": ""conscious choice to defend a tyrant"",
      ""openFeedback"": ""Using the label 'tyrant' is emotionally charged and meant to discredit the subject by association."",
      ""paragraphIndex"": 1
    },
    {
      ""category"": ""Inflammatory Language"",
      ""subcategory"": ""name-calling"",
      ""text"": ""spew propaganda and lies to the world"",
      ""openFeedback"": ""The word 'spew' is emotionally loaded and derogatory, characterizing the speech as disgusting or worthless."",
      ""paragraphIndex"": 1
    },
    {
      ""category"": ""Inflammatory Language"",
      ""subcategory"": ""name-calling"",
      ""text"": ""describe the press conference as a pathetic rout"",
      ""openFeedback"": ""The phrase 'pathetic rout' uses emotionally charged adjectives to demean the event."",
      ""paragraphIndex"": 1
    },
    {
      ""category"": ""Inflammatory Language"",
      ""subcategory"": ""name-calling"",
      ""text"": ""realize his delusions of a warm relationship"",
      ""openFeedback"": ""Labeling policy goals as 'delusions' attacks the mental competence of the target."",
      ""paragraphIndex"": 1
    },
    {
      ""category"": ""Inflammatory Language"",
      ""subcategory"": ""demonization"",
      ""text"": ""complicity in the slaughter of the Syrian people"",
      ""openFeedback"": ""Accusing the target of complicity in 'slaughter' frames them as evil and dangerous."",
      ""paragraphIndex"": 1
    },
    {
      ""category"": ""Inflammatory Language"",
      ""subcategory"": ""name-calling"",
      ""text"": ""bombastic and erratic conduct towards our closest friends"",
      ""openFeedback"": ""Using labels like 'bombastic' and 'erratic' attacks the behavior and character of the target."",
      ""paragraphIndex"": 1
    },
    {
      ""category"": ""Inflammatory Language"",
      ""subcategory"": ""name-calling"",
      ""text"": ""abased himself more abjectly before a tyrant"",
      ""openFeedback"": ""The phrasing 'abased himself... abjectly' combined with 'tyrant' is highly emotionally charged."",
      ""paragraphIndex"": 2
    },
    {
      ""category"": ""Persuasive Propaganda"",
      ""subcategory"": ""exaggeration"",
      ""text"": ""No prior president has ever abased himself more abjectly"",
      ""openFeedback"": ""The claim uses a superlative ('No prior president has ever...') to exaggerate the severity of the situation relative to all history."",
      ""paragraphIndex"": 2
    }
  ]
}","{
  ""annotations"": [
    {
      ""text"": ""accused President Donald Trump of making a \""tragic mistake\"""",
      ""category"": ""Inflammatory Language"",
      ""subcategory"": ""Name-Calling"",
      ""paragraphIndex"": 0
    },
    {
      ""text"": ""what may he thinks may be incalculable damage to U.S. foreign policy"",
      ""category"": ""Persuasive Propaganda"",
      ""subcategory"": ""Exaggeration"",
      ""paragraphIndex"": 0
    },
    {
      ""text"": ""no polarizing language selected"",
      ""category"": ""No Polarizing language"",
      ""subcategory"": ""no polarizing language"",
      ""paragraphIndex"": 1
    },
    {
      ""text"": ""one of the most disgraceful performances by an American president in memory"",
      ""category"": ""Persuasive Propaganda"",
      ""subcategory"": ""Exaggeration"",
      ""paragraphIndex"": 2
    },
    {
      ""text"": ""the damage inflicted by President Trump's naiveté, egotism, false equivalence, and sympathy for autocrats"",
      ""category"": ""Inflammatory Language"",
      ""subcategory"": ""Name-Calling"",
      ""paragraphIndex"": 2
    },
    {
      ""text"": ""a tragic mistake"",
      ""category"": ""Inflammatory Language"",
      ""subcategory"": ""Name-Calling"",
      ""paragraphIndex"": 2
    },
    {
      ""text"": ""defend a tyrant against the fair questions of a free press"",
      ""category"": ""Inflammatory Language"",
      ""subcategory"": ""Demonization"",
      ""paragraphIndex"": 3
    },
    {
      ""text"": ""to spew propaganda and lies to the world"",
      ""category"": ""Inflammatory Language"",
      ""subcategory"": ""Demonization"",
      ""paragraphIndex"": 3
    },
    {
      ""text"": ""tempting to describe the press conference as a pathetic rout"",
      ""category"": ""Inflammatory Language"",
      ""subcategory"": ""Name-Calling"",
      ""paragraphIndex"": 4
    },
    {
      ""text"": ""his delusions of a warm relationship with Putin's regime"",
      ""category"": ""Inflammatory Language"",
      ""subcategory"": ""Name-Calling"",
      ""paragraphIndex"": 4
    },
    {
      ""text"": ""his violent disregard for the sovereignty of his neighbors"",
      ""category"": ""Inflammatory Language"",
      ""subcategory"": ""Demonization"",
      ""paragraphIndex"": 4
    },
    {
      ""text"": ""his complicity in the slaughter of the Syrian people"",
      ""category"": ""Inflammatory Language"",
      ""subcategory"": ""Demonization"",
      ""paragraphIndex"": 4
    },
    {
      ""text"": ""his assault on democratic institutions throughout the world"",
      ""category"": ""Inflammatory Language"",
      ""subcategory"": ""Demonization"",
      ""paragraphIndex"": 4
    },
    {
      ""text"": ""bombastic and erratic conduct towards our closest friends and allies"",
      ""category"": ""Inflammatory Language"",
      ""subcategory"": ""Name-Calling"",
      ""paragraphIndex"": 5
    },
    {
      ""text"": ""marks a recent low point in the history of the American Presidency"",
      ""category"": ""Persuasive Propaganda"",
      ""subcategory"": ""Exaggeration"",
      ""paragraphIndex"": 5
    },
    {
      ""text"": ""his blunders and capitulations all the more painful and inexplicable"",
      ""category"": ""Inflammatory Language"",
      ""subcategory"": ""Name-Calling"",
      ""paragraphIndex"": 5
    },
    {
      ""text"": ""No prior president has ever abased himself more abjectly before a tyrant"",
      ""category"": ""Persuasive Propaganda"",
      ""subcategory"": ""Exaggeration"",
      ""paragraphIndex"": 6
    },
    {
      ""text"": ""a republic of free people dedicated to the cause of liberty at home and abroad"",
      ""category"": ""Persuasive Propaganda"",
      ""subcategory"": ""Slogans"",
      ""paragraphIndex"": 6
    },
    {
      ""text"": ""Americans are waiting and hoping for President Trump to embrace that sacred responsibility"",
      ""category"": ""Persuasive Propaganda"",
      ""subcategory"": ""Bandwagon"",
      ""paragraphIndex"": 6
    },
    {
      ""text"": ""One can only hope they are not waiting totally in vain"",
      ""category"": ""Persuasive Propaganda"",
      ""subcategory"": ""Doubt"",
      ""paragraphIndex"": 6
    },
    {
      ""text"": ""no polarizing language selected"",
      ""category"": ""No Polarizing language"",
      ""subcategory"": ""no polarizing language"",
      ""paragraphIndex"": 7
    }
  ]
}","{""title"": ""'pathetic rout,' 'tragic mistake' and 'painful' john mccain holds little back in describing helsinki"", ""topic"": ""legal arguments"", ""source"": ""The Washington Post"", ""rating"": ""left"", ""annotations"": [{""category"": ""No Polarizing language"", ""subcategory"": ""no polarizing language"", ""text"": ""no polarizing language selected"", ""openFeedback"": ""Auto-filled: No Polarizing language / no polarizing language"", ""paragraphIndex"": 0}, {""category"": ""Inflammatory Language"", ""subcategory"": ""name-calling"", ""text"": ""tragic mistake"", ""openFeedback"": ""Auto-filled: Inflammatory Language / name-calling"", ""paragraphIndex"": 0}, {""category"": ""Persuasive Propaganda"", ""subcategory"": ""exaggeration"", ""text"": ""what may he thinks may be incalculable damage to U.S. foreign policy"", ""openFeedback"": ""Auto-filled: Persuasive Propaganda / exaggeration"", ""paragraphIndex"": 0}, {""category"": ""No Polarizing language"", ""subcategory"": ""no polarizing language"", ""text"": ""no polarizing language selected"", ""openFeedback"": ""Auto-filled: No Polarizing language / no polarizing language"", ""paragraphIndex"": 2}, {""category"": ""Inflammatory Language"", ""subcategory"": ""name-calling"", ""text"": ""proved not only unable, but unwilling to stand up to Putin"", ""openFeedback"": ""Auto-filled: Inflammatory Language / name-calling"", ""paragraphIndex"": 0}, {""category"": ""Inflammatory Language"", ""subcategory"": ""demonization"", ""text"": ""defend a tyrant against the fair questions of a free press"", ""openFeedback"": ""Auto-filled: Inflammatory Language / demonization"", ""paragraphIndex"": 1}, {""category"": ""Inflammatory Language"", ""subcategory"": ""demonization"", ""text"": ""grant Putin an uncontested platform to spew propaganda and lies to the world"", ""openFeedback"": ""Auto-filled: Inflammatory Language / demonization"", ""paragraphIndex"": 1}, {""category"": ""Inflammatory Language"", ""subcategory"": ""name-calling"", ""text"": ""tempting to describe the press conference as a pathetic rout"", ""openFeedback"": ""Auto-filled: Inflammatory Language / name-calling"", ""paragraphIndex"": 1}, {""category"": ""Inflammatory Language"", ""subcategory"": ""name-calling"", ""text"": ""deliberate choices of a president who seems determined to realize his delusions"", ""openFeedback"": ""Auto-filled: Inflammatory Language / name-calling"", ""paragraphIndex"": 1}, {""category"": ""Inflammatory Language"", ""subcategory"": ""demonization"", ""text"": ""his violent disregard for the sovereignty of his neighbors"", ""openFeedback"": ""Auto-filled: Inflammatory Language / demonization"", ""paragraphIndex"": 1}, {""category"": ""Inflammatory Language"", ""subcategory"": ""demonization"", ""text"": ""his complicity in the slaughter of the Syrian people"", ""openFeedback"": ""Auto-filled: Inflammatory Language / demonization"", ""paragraphIndex"": 1}, {""category"": ""Inflammatory Language"", ""subcategory"": ""demonization"", ""text"": ""his assault on democratic institutions throughout the world"", ""openFeedback"": ""Auto-filled: Inflammatory Language / demonization"", ""paragraphIndex"": 1}, {""category"": ""Inflammatory Language"", ""subcategory"": ""name-calling"", ""text"": ""bombastic and erratic conduct towards our closest friends and allies"", ""openFeedback"": ""Auto-filled: Inflammatory Language / name-calling"", ""paragraphIndex"": 1}, {""category"": ""Persuasive Propaganda"", ""subcategory"": ""exaggeration"", ""text"": ""marks a recent low point in the history of the American Presidency"", ""openFeedback"": ""Auto-filled: Persuasive Propaganda / exaggeration"", ""paragraphIndex"": 1}, {""category"": ""Inflammatory Language"", ""subcategory"": ""name-calling"", ""text"": ""his blunders and capitulations all the more painful and inexplicable"", ""openFeedback"": ""Auto-filled: Inflammatory Language / name-calling"", ""paragraphIndex"": 2}, {""category"": ""Persuasive Propaganda"", ""subcategory"": ""exaggeration"", ""text"": ""No prior president has ever abased himself more abjectly before a tyrant"", ""openFeedback"": ""Auto-filled: Persuasive Propaganda / exaggeration"", ""paragraphIndex"": 2}, {""category"": ""Inflammatory Language"", ""subcategory"": ""name-calling"", ""text"": ""before a tyrant"", ""openFeedback"": ""Auto-filled: Inflammatory Language / name-calling"", ""paragraphIndex"": 2}, {""category"": ""Persuasive Propaganda"", ""subcategory"": ""casual oversimplification"", ""text"": ""failed to defend all that makes us who we are a republic of free people"", ""openFeedback"": ""Auto-filled: Persuasive Propaganda / casual oversimplification"", ""paragraphIndex"": 2}, {""category"": ""Persuasive Propaganda"", ""subcategory"": ""bandwagon"", ""text"": ""Americans are waiting and hoping for President Trump to embrace that sacred responsibility"", ""openFeedback"": ""Auto-filled: Persuasive Propaganda / bandwagon"", ""paragraphIndex"": 2}, {""category"": ""Persuasive Propaganda"", ""subcategory"": ""doubt"", ""text"": ""One can only hope they are not waiting totally in vain"", ""openFeedback"": ""Auto-filled: Persuasive Propaganda / doubt"", ""paragraphIndex"": 2}]}"
1,"trump rips 'horrible' new york times, washington post, wonders if people will 'demand' he stay in white house",legal arguments,The Washington Post,left,"{
  ""annotations"": [
    {
      ""text"": ""ramped up his attacks against the nation's biggest newspapers"",
      ""category"": ""No Polarizing language"",
      ""subcategory"": ""no polarizing language"",
      ""paragraphIndex"": 0
    },
    {
      ""text"": ""more dishonest and deceitful newspaper, the Failing New York Times or the Amazon (lobbyist) Washington Post"",
      ""category"": ""Inflammatory Language"",
      ""subcategory"": ""Name-Calling"",
      ""paragraphIndex"": 0
    },
    {
      ""text"": ""They are both a disgrace to our Country, the Enemy of the People"",
      ""category"": ""Inflammatory Language"",
      ""subcategory"": ""Demonization"",
      ""paragraphIndex"": 0
    },
    {
      ""text"": ""after America has been made GREAT again"",
      ""category"": ""Persuasive Propaganda"",
      ""subcategory"": ""Slogans"",
      ""paragraphIndex"": 0
    },
    {
      ""text"": ""KEEP AMERICA GREAT"",
      ""category"": ""Persuasive Propaganda"",
      ""subcategory"": ""Slogans"",
      ""paragraphIndex"": 0
    },
    {
      ""text"": ""both of these horrible papers will quickly go out of business & be forever gone"",
      ""category"": ""Inflammatory Language"",
      ""subcategory"": ""Name-Calling"",
      ""paragraphIndex"": 0
    },
    {
      ""text"": ""He also asked if \""people would demand that I stay longer\"" to \""keep America great\"""",
      ""category"": ""Persuasive Propaganda"",
      ""subcategory"": ""Bandwagon"",
      ""paragraphIndex"": 1
    },
    {
      ""text"": ""keep America great"",
      ""category"": ""Persuasive Propaganda"",
      ""subcategory"": ""Slogans"",
      ""paragraphIndex"": 1
    },
    {
      ""text"": ""often referring to it as the \""enemy of the people.\"""",
      ""category"": ""Inflammatory Language"",
      ""subcategory"": ""Demonization"",
      ""paragraphIndex"": 1
    },
    {
      ""text"": ""claimed that The Times committed a \""virtual act of treason\"""",
      ""category"": ""Inflammatory Language"",
      ""subcategory"": ""Demonization"",
      ""paragraphIndex"": 1
    },
    {
      ""text"": ""a virtual act of Treason by a once great paper so desperate for a story, any story, even if bad for our Country"",
      ""category"": ""Inflammatory Language"",
      ""subcategory"": ""Demonization"",
      ""paragraphIndex"": 1
    },
    {
      ""text"": ""no polarizing language selected"",
      ""category"": ""No Polarizing language"",
      ""subcategory"": ""no polarizing language"",
      ""paragraphIndex"": 2
    },
    {
      ""text"": ""Trump has also lashed out at the media over reports about his internal polling"",
      ""category"": ""No Polarizing language"",
      ""subcategory"": ""no polarizing language"",
      ""paragraphIndex"": 3
    },
    {
      ""text"": ""denounced the \""fake news \"" and \""fake polling\"""",
      ""category"": ""Inflammatory Language"",
      ""subcategory"": ""Name-Calling"",
      ""paragraphIndex"": 3
    },
    {
      ""text"": ""The Fake News has never been more dishonest than it is today"",
      ""category"": ""Persuasive Propaganda"",
      ""subcategory"": ""Exaggeration"",
      ""paragraphIndex"": 3
    },
    {
      ""text"": ""There new weapon of choice is Fake Polling, sometimes referred to as Suppression Polls"",
      ""category"": ""Persuasive Propaganda"",
      ""subcategory"": ""Causal Oversimplification"",
      ""paragraphIndex"": 3
    },
    {
      ""text"": ""they suppress the numbers"",
      ""category"": ""Persuasive Propaganda"",
      ""subcategory"": ""Causal Oversimplification"",
      ""paragraphIndex"": 3
    },
    {
      ""text"": ""no polarizing language selected"",
      ""category"": ""No Polarizing language"",
      ""subcategory"": ""no polarizing language"",
      ""paragraphIndex"": 4
    }
  ]
}","{
  ""title"": ""trump rips 'horrible' new york times, washington post, wonders if people will 'demand' he stay in white house"",
  ""topic"": ""legal arguments"",
  ""source"": ""The Washington Post"",
  ""rating"": ""left"",
  ""annotations"": [
    {
      ""category"": ""Inflammatory Language"",
      ""subcategory"": ""name-calling"",
      ""text"": ""dishonest and deceitful newspaper, the Failing New York Times"",
      ""openFeedback"": ""The speaker uses loaded negative labels ('dishonest', 'deceitful', 'Failing') to discredit the newspaper."",
      ""paragraphIndex"": 0
    },
    {
      ""category"": ""Inflammatory Language"",
      ""subcategory"": ""demonization"",
      ""text"": ""disgrace to our Country, the Enemy of the People"",
      ""openFeedback"": ""Labeling the press as 'Enemy of the People' frames them as dangerous and a threat to society."",
      ""paragraphIndex"": 0
    },
    {
      ""category"": ""Persuasive Propaganda"",
      ""subcategory"": ""slogans"",
      ""text"": ""KEEP AMERICA GREAT"",
      ""openFeedback"": ""This is a political slogan used to rally support without providing substantive argument."",
      ""paragraphIndex"": 0
    },
    {
      ""category"": ""Inflammatory Language"",
      ""subcategory"": ""demonization"",
      ""text"": ""referring to it as the \""enemy of the people.\"""",
      ""openFeedback"": ""The phrase 'enemy of the people' characterizes the target as a threat to society."",
      ""paragraphIndex"": 1
    },
    {
      ""category"": ""Inflammatory Language"",
      ""subcategory"": ""demonization"",
      ""text"": ""virtual act of Treason by a once great paper"",
      ""openFeedback"": ""Accusing a newspaper of 'Treason' frames their actions as a dangerous crime against the state."",
      ""paragraphIndex"": 1
    },
    {
      ""category"": ""Inflammatory Language"",
      ""subcategory"": ""name-calling"",
      ""text"": ""The Fake News has never been more dishonest"",
      ""openFeedback"": ""Uses the label 'Fake News' and 'dishonest' to attack the credibility of the media."",
      ""paragraphIndex"": 2
    },
    {
      ""category"": ""Inflammatory Language"",
      ""subcategory"": ""name-calling"",
      ""text"": ""Fake Polling, sometimes referred to as Suppression Polls"",
      ""openFeedback"": ""Labels unfavorable polls as 'Fake' and 'Suppression Polls' to discredit them."",
      ""paragraphIndex"": 2
    },
    {
      ""category"": ""No Polarizing language"",
      ""subcategory"": ""no polarizing language"",
      ""text"": ""no polarizing language selected"",
      ""openFeedback"": ""This paragraph reports on poll results factually without inflammatory rhetoric."",
      ""paragraphIndex"": 3
    }
  ]
}","{
  ""annotations"": [
    {
      ""text"": ""more dishonest and deceitful"",
      ""category"": ""Inflammatory Language"",
      ""subcategory"": ""Name-Calling"",
      ""paragraphIndex"": 0
    },
    {
      ""text"": ""the Failing New York Times or the Amazon (lobbyist) Washington Post"",
      ""category"": ""Inflammatory Language"",
      ""subcategory"": ""Name-Calling"",
      ""paragraphIndex"": 0
    },
    {
      ""text"": ""They are both a disgrace to our Country, the Enemy of the People"",
      ""category"": ""Inflammatory Language"",
      ""subcategory"": ""Demonization"",
      ""paragraphIndex"": 0
    },
    {
      ""text"": ""both of these horrible papers will quickly go out of business & be forever gone"",
      ""category"": ""Inflammatory Language"",
      ""subcategory"": ""Name-Calling"",
      ""paragraphIndex"": 0
    },
    {
      ""text"": ""America has been made GREAT again"",
      ""category"": ""Persuasive Propaganda"",
      ""subcategory"": ""Slogans"",
      ""paragraphIndex"": 0
    },
    {
      ""text"": ""KEEP AMERICA GREAT"",
      ""category"": ""Persuasive Propaganda"",
      ""subcategory"": ""Slogans"",
      ""paragraphIndex"": 0
    },
    {
      ""text"": ""no polarizing language selected"",
      ""category"": ""No Polarizing language"",
      ""subcategory"": ""no polarizing language"",
      ""paragraphIndex"": 1
    },
    {
      ""text"": ""enemy of the people"",
      ""category"": ""Inflammatory Language"",
      ""subcategory"": ""Demonization"",
      ""paragraphIndex"": 2
    },
    {
      ""text"": ""virtual act of treason"",
      ""category"": ""Inflammatory Language"",
      ""subcategory"": ""Demonization"",
      ""paragraphIndex"": 2
    },
    {
      ""text"": ""so desperate for a story, any story, even if bad for our Country"",
      ""category"": ""Inflammatory Language"",
      ""subcategory"": ""Demonization"",
      ""paragraphIndex"": 2
    },
    {
      ""text"": ""no polarizing language selected"",
      ""category"": ""No Polarizing language"",
      ""subcategory"": ""no polarizing language"",
      ""paragraphIndex"": 3
    },
    {
      ""text"": ""fake news"",
      ""category"": ""Inflammatory Language"",
      ""subcategory"": ""Name-Calling"",
      ""paragraphIndex"": 4
    },
    {
      ""text"": ""The Fake News has never been more dishonest than it is today"",
      ""category"": ""Inflammatory Language"",
      ""subcategory"": ""Name-Calling"",
      ""paragraphIndex"": 4
    },
    {
      ""text"": ""There new weapon of choice is Fake Polling"",
      ""category"": ""Inflammatory Language"",
      ""subcategory"": ""Name-Calling"",
      ""paragraphIndex"": 4
    },
    {
      ""text"": ""sometimes referred to as Suppression Polls (they suppress the numbers)"",
      ""category"": ""Persuasive Propaganda"",
      ""subcategory"": ""Causal Oversimplification"",
      ""paragraphIndex"": 4
    },
    {
      ""text"": ""Thank goodness we can fight back on Social Media"",
      ""category"": ""Persuasive Propaganda"",
      ""subcategory"": ""Bandwagon"",
      ""paragraphIndex"": 4
    },
    {
      ""text"": ""no polarizing language selected"",
      ""category"": ""No Polarizing language"",
      ""subcategory"": ""no polarizing language"",
      ""paragraphIndex"": 5
    }
  ]
}","{""title"": ""trump rips 'horrible' new york times, washington post, wonders if people will 'demand' he stay in white house"", ""topic"": ""legal arguments"", ""source"": ""The Washington Post"", ""rating"": ""left"", ""annotations"": [{""category"": ""No Polarizing language"", ""subcategory"": ""no polarizing language"", ""text"": ""no polarizing language selected"", ""openFeedback"": ""Auto-filled: No Polarizing language / no polarizing language"", ""paragraphIndex"": 0}, {""category"": ""Inflammatory Language"", ""subcategory"": ""name-calling"", ""text"": ""more dishonest and deceitful newspaper, the Failing New York Times or the Amazon (lobbyist) Washington Post"", ""openFeedback"": ""Auto-filled: Inflammatory Language / name-calling"", ""paragraphIndex"": 0}, {""category"": ""Inflammatory Language"", ""subcategory"": ""demonization"", ""text"": ""They are both a disgrace to our Country, the Enemy of the People"", ""openFeedback"": ""Auto-filled: Inflammatory Language / demonization"", ""paragraphIndex"": 0}, {""category"": ""Persuasive Propaganda"", ""subcategory"": ""slogans"", ""text"": ""after America has been made GREAT again"", ""openFeedback"": ""Auto-filled: Persuasive Propaganda / slogans"", ""paragraphIndex"": 0}, {""category"": ""Persuasive Propaganda"", ""subcategory"": ""slogans"", ""text"": ""KEEP AMERICA GREAT"", ""openFeedback"": ""Auto-filled: Persuasive Propaganda / slogans"", ""paragraphIndex"": 0}, {""category"": ""Inflammatory Language"", ""subcategory"": ""name-calling"", ""text"": ""both of these horrible papers will quickly go out of business & be forever gone"", ""openFeedback"": ""Auto-filled: Inflammatory Language / name-calling"", ""paragraphIndex"": 0}, {""category"": ""Persuasive Propaganda"", ""subcategory"": ""bandwagon"", ""text"": ""He also asked if \""people would demand that I stay longer\"" to \""keep America great\"""", ""openFeedback"": ""Auto-filled: Persuasive Propaganda / bandwagon"", ""paragraphIndex"": 1}, {""category"": ""Persuasive Propaganda"", ""subcategory"": ""slogans"", ""text"": ""keep America great"", ""openFeedback"": ""Auto-filled: Persuasive Propaganda / slogans"", ""paragraphIndex"": 0}, {""category"": ""Inflammatory Language"", ""subcategory"": ""demonization"", ""text"": ""often referring to it as the \""enemy of the people.\"""", ""openFeedback"": ""Auto-filled: Inflammatory Language / demonization"", ""paragraphIndex"": 1}, {""category"": ""Inflammatory Language"", ""subcategory"": ""demonization"", ""text"": ""claimed that The Times committed a \""virtual act of treason\"""", ""openFeedback"": ""Auto-filled: Inflammatory Language / demonization"", ""paragraphIndex"": 1}, {""category"": ""Inflammatory Language"", ""subcategory"": ""demonization"", ""text"": ""a virtual act of Treason by a once great paper so desperate for a story, any story, even if bad for our Country"", ""openFeedback"": ""Auto-filled: Inflammatory Language / demonization"", ""paragraphIndex"": 1}, {""category"": ""No Polarizing language"", ""subcategory"": ""no polarizing language"", ""text"": ""no polarizing language selected"", ""openFeedback"": ""Auto-filled: No Polarizing language / no polarizing language"", ""paragraphIndex"": 2}, {""category"": ""No Polarizing language"", ""subcategory"": ""no polarizing language"", ""text"": ""no polarizing language selected"", ""openFeedback"": ""Auto-filled: No Polarizing language / no polarizing language"", ""paragraphIndex"": 3}, {""category"": ""Inflammatory Language"", ""subcategory"": ""name-calling"", ""text"": ""denounced the \""fake news \"" and \""fake polling\"""", ""openFeedback"": ""Auto-filled: Inflammatory Language / name-calling"", ""paragraphIndex"": 2}, {""category"": ""Persuasive Propaganda"", ""subcategory"": ""exaggeration"", ""text"": ""The Fake News has never been more dishonest than it is today"", ""openFeedback"": ""Auto-filled: Persuasive Propaganda / exaggeration"", ""paragraphIndex"": 2}, {""category"": ""Persuasive Propaganda"", ""subcategory"": ""casual oversimplification"", ""text"": ""There new weapon of choice is Fake Polling, sometimes referred to as Suppression Polls"", ""openFeedback"": ""Auto-filled: Persuasive Propaganda / casual oversimplification"", ""paragraphIndex"": 2}, {""category"": ""Persuasive Propaganda"", ""subcategory"": ""casual oversimplification"", ""text"": ""they suppress the numbers"", ""openFeedback"": ""Auto-filled: Persuasive Propaganda / casual oversimplification"", ""paragraphIndex"": 2}]}"
2,'Every American is entitled to health care': Sen. Bernie Sanders,health,ABC News,left,"{
  ""annotations"": [
    {
      ""text"": ""end the international embarrassment of not guaranteeing health care as a right"",
      ""category"": ""Persuasive Propaganda"",
      ""subcategory"": ""Exaggeration"",
      ""paragraphIndex"": 0
    },
    {
      ""text"": ""no polarizing language selected"",
      ""category"": ""No Polarizing language"",
      ""subcategory"": ""no polarizing language"",
      ""paragraphIndex"": 1
    },
    {
      ""text"": ""end the greed of the health insurance and pharmaceutical industries"",
      ""category"": ""Inflammatory Language"",
      ""subcategory"": ""Demonization"",
      ""paragraphIndex"": 2
    },
    {
      ""text"": ""our dysfunctional system by ending the use of private health insurance"",
      ""category"": ""Persuasive Propaganda"",
      ""subcategory"": ""Exaggeration"",
      ""paragraphIndex"": 2
    },
    {
      ""text"": ""no longer private corporations to make billions of dollars in profits off Americans' health care"",
      ""category"": ""Persuasive Propaganda"",
      ""subcategory"": ""Exaggeration"",
      ""paragraphIndex"": 2
    },
    {
      ""text"": ""they have got to talk to the needs of the working class of this country"",
      ""category"": ""Persuasive Propaganda"",
      ""subcategory"": ""Bandwagon"",
      ""paragraphIndex"": 3
    },
    {
      ""text"": ""everybody said our ideas are crazy and wild and extreme and now it turns out, all of the other candidates are saying what we said four years ago"",
      ""category"": ""Persuasive Propaganda"",
      ""subcategory"": ""Bandwagon"",
      ""paragraphIndex"": 3
    },
    {
      ""text"": ""no polarizing language selected"",
      ""category"": ""No Polarizing language"",
      ""subcategory"": ""no polarizing language"",
      ""paragraphIndex"": 4
    }
  ]
}","{
  ""title"": ""'Every American is entitled to health care': Sen. Bernie Sanders"",
  ""topic"": ""health"",
  ""source"": ""ABC News"",
  ""rating"": ""left"",
  ""annotations"": [
    {
      ""category"": ""Inflammatory Language"",
      ""subcategory"": ""name-calling"",
      ""text"": ""end the international embarrassment of not guaranteeing health care"",
      ""openFeedback"": ""The speaker uses the loaded label \""international embarrassment\"" to emotionally discredit the current US healthcare policy."",
      ""paragraphIndex"": 0
    },
    {
      ""category"": ""Inflammatory Language"",
      ""subcategory"": ""name-calling"",
      ""text"": ""end the greed of the health insurance and pharmaceutical industries"",
      ""openFeedback"": ""The speaker attributes the negative trait of \""greed\"" to entire industries to shape the audience's attitude against them."",
      ""paragraphIndex"": 1
    },
    {
      ""category"": ""Persuasive Propaganda"",
      ""subcategory"": ""exaggeration"",
      ""text"": ""everybody said our ideas are crazy and wild and extreme"",
      ""openFeedback"": ""The speaker uses the absolute term \""everybody\"" to exaggerate the scope of the opposition's reaction to his ideas."",
      ""paragraphIndex"": 2
    }
  ]
}","{
  ""annotations"": [
    {
      ""text"": ""no polarizing language selected"",
      ""category"": ""No Polarizing language"",
      ""subcategory"": ""no polarizing language"",
      ""paragraphIndex"": 0
    },
    {
      ""text"": ""end the greed of the health insurance and pharmaceutical industries"",
      ""category"": ""Inflammatory Language"",
      ""subcategory"": ""Demonization"",
      ""paragraphIndex"": 1
    },
    {
      ""text"": ""our dysfunctional system"",
      ""category"": ""Persuasive Propaganda"",
      ""subcategory"": ""Exaggeration"",
      ""paragraphIndex"": 1
    },
    {
      ""text"": ""no longer private corporations to make billions of dollars in profits off Americans' health care"",
      ""category"": ""Persuasive Propaganda"",
      ""subcategory"": ""Exaggeration"",
      ""paragraphIndex"": 1
    },
    {
      ""text"": ""no polarizing language selected"",
      ""category"": ""No Polarizing language"",
      ""subcategory"": ""no polarizing language"",
      ""paragraphIndex"": 2
    },
    {
      ""text"": ""everybody said our ideas are crazy and wild and extreme and now it turns out, all of the other candidates are saying what we said four years ago"",
      ""category"": ""Persuasive Propaganda"",
      ""subcategory"": ""Bandwagon"",
      ""paragraphIndex"": 3
    }
  ]
}","{""title"": ""'Every American is entitled to health care': Sen. Bernie Sanders"", ""topic"": ""health"", ""source"": ""ABC News"", ""rating"": ""left"", ""annotations"": [{""category"": ""Persuasive Propaganda"", ""subcategory"": ""exaggeration"", ""text"": ""end the international embarrassment of not guaranteeing health care as a right"", ""openFeedback"": ""Auto-filled: Persuasive Propaganda / exaggeration"", ""paragraphIndex"": 0}, {""category"": ""No Polarizing language"", ""subcategory"": ""no polarizing language"", ""text"": ""no polarizing language selected"", ""openFeedback"": ""Auto-filled: No Polarizing language / no polarizing language"", ""paragraphIndex"": 0}, {""category"": ""Inflammatory Language"", ""subcategory"": ""demonization"", ""text"": ""end the greed of the health insurance and pharmaceutical industries"", ""openFeedback"": ""Auto-filled: Inflammatory Language / demonization"", ""paragraphIndex"": 1}, {""category"": ""Persuasive Propaganda"", ""subcategory"": ""exaggeration"", ""text"": ""our dysfunctional system by ending the use of private health insurance"", ""openFeedback"": ""Auto-filled: Persuasive Propaganda / exaggeration"", ""paragraphIndex"": 1}, {""category"": ""Persuasive Propaganda"", ""subcategory"": ""exaggeration"", ""text"": ""no longer private corporations to make billions of dollars in profits off Americans' health care"", ""openFeedback"": ""Auto-filled: Persuasive Propaganda / exaggeration"", ""paragraphIndex"": 1}, {""category"": ""No Polarizing language"", ""subcategory"": ""no polarizing language"", ""text"": ""no polarizing language selected"", ""openFeedback"": ""Auto-filled: No Polarizing language / no polarizing language"", ""paragraphIndex"": 1}, {""category"": ""Persuasive Propaganda"", ""subcategory"": ""bandwagon"", ""text"": ""they have got to talk to the needs of the working class of this country"", ""openFeedback"": ""Auto-filled: Persuasive Propaganda / bandwagon"", ""paragraphIndex"": 2}, {""category"": ""Persuasive Propaganda"", ""subcategory"": ""bandwagon"", ""text"": ""everybody said our ideas are crazy and wild and extreme and now it turns out, all of the other candidates are saying what we said four years ago"", ""openFeedback"": ""Auto-filled: Persuasive Propaganda / bandwagon"", ""paragraphIndex"": 2}, {""category"": ""Persuasive Propaganda"", ""subcategory"": ""exaggeration"", ""text"": ""everybody said our ideas are crazy and wild and extreme"", ""openFeedback"": ""The speaker uses the absolute term \""everybody\"" to exaggerate the scope of the opposition's reaction to his ideas."", ""paragraphIndex"": 2}, {""category"": ""No Polarizing language"", ""subcategory"": ""no polarizing language"", ""text"": ""no polarizing language selected"", ""openFeedback"": ""Auto-filled: No Polarizing language / no polarizing language"", ""paragraphIndex"": 2}]}"
3,Protesters Want All Philadelphia Police Officers Connected To Alleged Racist Social Media Posts To Be Removed From Streets,crime,CBS News,left,"{
  ""annotations"": [
    {
      ""text"": ""alleged Racist And Violent Social Media Posts"",
      ""category"": ""Inflammatory Language"",
      ""subcategory"": ""Name-Calling"",
      ""paragraphIndex"": 0
    },
    {
      ""text"": ""racist and violent public Facebook posts unearthed by the Plain View Project"",
      ""category"": ""Inflammatory Language"",
      ""subcategory"": ""Name-Calling"",
      ""paragraphIndex"": 0
    },
    {
      ""text"": ""the racist police who posted on Facebook"",
      ""category"": ""Inflammatory Language"",
      ""subcategory"": ""Name-Calling"",
      ""paragraphIndex"": 0
    },
    {
      ""text"": ""said openly that they hate the people whose communities they patrol"",
      ""category"": ""Inflammatory Language"",
      ""subcategory"": ""Demonization"",
      ""paragraphIndex"": 0
    },
    {
      ""text"": ""They say they won't be satisfied until all officers involved in this scandal are removed from the streets."",
      ""category"": ""Persuasive Propaganda"",
      ""subcategory"": ""Exaggeration"",
      ""paragraphIndex"": 1
    },
    {
      ""text"": ""Get Them Off The Streets': Protesters Demand Hundreds Of Philadelphia Police Officers Accused Of Racist Facebook Posts Be Placed On Desk Duty"",
      ""category"": ""Persuasive Propaganda"",
      ""subcategory"": ""Exaggeration"",
      ""paragraphIndex"": 1
    },
    {
      ""text"": ""the police that do not want to police our community are removed"",
      ""category"": ""Inflammatory Language"",
      ""subcategory"": ""Demonization"",
      ""paragraphIndex"": 1
    },
    {
      ""text"": ""we feel that it's excessive to take over 6,000 police officers off the street"",
      ""category"": ""Persuasive Propaganda"",
      ""subcategory"": ""Exaggeration"",
      ""paragraphIndex"": 2
    },
    {
      ""text"": ""the more vulnerable the city becomes to the crime wave they say it's already experiencing"",
      ""category"": ""Persuasive Propaganda"",
      ""subcategory"": ""Exaggeration"",
      ""paragraphIndex"": 2
    }
  ]
}","{
  ""title"": ""Protesters Want All Philadelphia Police Officers Connected To Alleged Racist Social Media Posts To Be Removed From Streets"",
  ""topic"": ""crime"",
  ""source"": ""CBS News"",
  ""rating"": ""left"",
  ""annotations"": [
    {
      ""category"": ""No Polarizing language"",
      ""subcategory"": ""no polarizing language"",
      ""text"": ""no polarizing language selected"",
      ""openFeedback"": ""The paragraph reports on the controversy and quotes activists describing the alleged behavior of officers. While the terms 'racist' and 'hate' are strong, they are used here in the context of describing specific allegations and social media posts unearthered by an investigation, rather than as gratuitous name-calling."",
      ""paragraphIndex"": 0
    },
    {
      ""category"": ""No Polarizing language"",
      ""subcategory"": ""no polarizing language"",
      ""text"": ""no polarizing language selected"",
      ""openFeedback"": ""This paragraph details the demands of the protesters and their statements regarding city council. The language used is descriptive of the event and the arguments made by the coalition."",
      ""paragraphIndex"": 1
    },
    {
      ""category"": ""Persuasive Propaganda"",
      ""subcategory"": ""exaggeration"",
      ""text"": ""take over 6,000 police officers off the street"",
      ""openFeedback"": ""The speaker claims that the proposed action is to 'take over 6,000 police officers off the street'. Given that the article states 328 officers are involved in the scandal, and the entire Philadelphia police force is approximately 6,000 strong, implying that the demand is to remove over 6,000 officers is a significant exaggeration of the scope of the issue."",
      ""paragraphIndex"": 2
    }
  ]
}","{
  ""annotations"": [
    {
      ""text"": ""controversial Facebook posts"",
      ""category"": ""Persuasive Propaganda"",
      ""subcategory"": ""Doubt"",
      ""paragraphIndex"": 0
    },
    {
      ""text"": ""alleged Racist And Violent Social Media Posts"",
      ""category"": ""Persuasive Propaganda"",
      ""subcategory"": ""Doubt"",
      ""paragraphIndex"": 0
    },
    {
      ""text"": ""reportedly posted racist and violent public Facebook posts"",
      ""category"": ""Persuasive Propaganda"",
      ""subcategory"": ""Doubt"",
      ""paragraphIndex"": 0
    },
    {
      ""text"": ""the racist police who posted on Facebook"",
      ""category"": ""Inflammatory Language"",
      ""subcategory"": ""Name-Calling"",
      ""paragraphIndex"": 0
    },
    {
      ""text"": ""said openly that they hate the people whose communities they patrol"",
      ""category"": ""Inflammatory Language"",
      ""subcategory"": ""Demonization"",
      ""paragraphIndex"": 0
    },
    {
      ""text"": ""no polarizing language selected"",
      ""category"": ""No Polarizing language"",
      ""subcategory"": ""no polarizing language"",
      ""paragraphIndex"": 1
    },
    {
      ""text"": ""the crime wave they say it's already experiencing"",
      ""category"": ""Persuasive Propaganda"",
      ""subcategory"": ""Exaggeration"",
      ""paragraphIndex"": 2
    }
  ]
}","{""title"": ""Protesters Want All Philadelphia Police Officers Connected To Alleged Racist Social Media Posts To Be Removed From Streets"", ""topic"": ""crime"", ""source"": ""CBS News"", ""rating"": ""left"", ""annotations"": [{""category"": ""Inflammatory Language"", ""subcategory"": ""name-calling"", ""text"": ""the racist police who posted on Facebook"", ""openFeedback"": ""Auto-filled: Inflammatory Language / name-calling"", ""paragraphIndex"": 0}, {""category"": ""Inflammatory Language"", ""subcategory"": ""demonization"", ""text"": ""said openly that they hate the people whose communities they patrol"", ""openFeedback"": ""Auto-filled: Inflammatory Language / demonization"", ""paragraphIndex"": 0}, {""category"": ""Persuasive Propaganda"", ""subcategory"": ""exaggeration"", ""text"": ""take over 6,000 police officers off the street"", ""openFeedback"": ""The speaker claims that the proposed action is to 'take over 6,000 police officers off the street'. Given that the article states 328 officers are involved in the scandal, and the entire Philadelphia police force is approximately 6,000 strong, implying that the demand is to remove over 6,000 officers is a significant exaggeration of the scope of the issue."", ""paragraphIndex"": 2}]}"
4,the latest: nadler says panel will move quickly on mcgahn,politics,Louisville Courier Journal,left,"{
  ""annotations"": [
    {
      ""text"": ""no polarizing language selected"",
      ""category"": ""No Polarizing language"",
      ""subcategory"": ""no polarizing language"",
      ""paragraphIndex"": 0
    },
    {
      ""text"": ""no polarizing language selected"",
      ""category"": ""No Polarizing language"",
      ""subcategory"": ""no polarizing language"",
      ""paragraphIndex"": 1
    },
    {
      ""text"": ""Trump lashed out at Pelosi while both were overseas commemorating the 75th anniversary of D-Day in Normandy"",
      ""category"": ""Inflammatory Language"",
      ""subcategory"": ""Demonization"",
      ""paragraphIndex"": 2
    },
    {
      ""text"": ""He called her \""Nervous Nancy\"""",
      ""category"": ""Inflammatory Language"",
      ""subcategory"": ""Name-Calling"",
      ""paragraphIndex"": 2
    },
    {
      ""text"": ""she'd rather see him voted out of office and \""in prison\"" than impeached"",
      ""category"": ""Inflammatory Language"",
      ""subcategory"": ""Demonization"",
      ""paragraphIndex"": 2
    },
    {
      ""text"": ""she's \""done with him.\"""",
      ""category"": ""Inflammatory Language"",
      ""subcategory"": ""Demonization"",
      ""paragraphIndex"": 2
    },
    {
      ""text"": ""no polarizing language selected"",
      ""category"": ""No Polarizing language"",
      ""subcategory"": ""no polarizing language"",
      ""paragraphIndex"": 3
    }
  ]
}","{
  ""title"": ""the latest: nadler says panel will move quickly on mcgahn"",
  ""topic"": ""politics"",
  ""source"": ""Louisville Courier Journal"",
  ""rating"": ""left"",
  ""annotations"": [
    {
      ""category"": ""No Polarizing language"",
      ""subcategory"": ""no polarizing language"",
      ""text"": ""no polarizing language selected"",
      ""openFeedback"": ""This paragraph provides a factual timeline of congressional activities and summarizes findings from the Mueller report without using inflammatory or persuasive language."",
      ""paragraphIndex"": 0
    },
    {
      ""category"": ""No Polarizing language"",
      ""subcategory"": ""no polarizing language"",
      ""text"": ""no polarizing language selected"",
      ""openFeedback"": ""The paragraph reports on the details of legislation and quotes the House Speaker's justification neutrally."",
      ""paragraphIndex"": 1
    },
    {
      ""category"": ""No Polarizing language"",
      ""subcategory"": ""no polarizing language"",
      ""text"": ""no polarizing language selected"",
      ""openFeedback"": ""The paragraph describes Pelosi's political stance and quotes her comments on impeachment support without utilizing propaganda techniques."",
      ""paragraphIndex"": 2
    },
    {
      ""category"": ""Inflammatory Language"",
      ""subcategory"": ""name-calling"",
      ""text"": ""He called her \""Nervous Nancy\"""",
      ""openFeedback"": ""The text quotes a loaded label ('Nervous Nancy') used to discredit the House Speaker, fitting the definition of name-calling."",
      ""paragraphIndex"": 3
    },
    {
      ""category"": ""No Polarizing language"",
      ""subcategory"": ""no polarizing language"",
      ""text"": ""no polarizing language selected"",
      ""openFeedback"": ""This paragraph outlines the scope and legal authority of the House resolution in a factual manner."",
      ""paragraphIndex"": 4
    },
    {
      ""category"": ""No Polarizing language"",
      ""subcategory"": ""no polarizing language"",
      ""text"": ""no polarizing language selected"",
      ""openFeedback"": ""The paragraph provides analysis of the legal necessity and strategic purpose of the vote without polarizing language."",
      ""paragraphIndex"": 5
    }
  ]
}","{
  ""annotations"": [
    {
      ""text"": ""no polarizing language selected"",
      ""category"": ""No Polarizing language"",
      ""subcategory"": ""no polarizing language"",
      ""paragraphIndex"": 0
    },
    {
      ""text"": ""Trump lashed out at Pelosi while both were overseas commemorating the 75th anniversary of D-Day in Normandy"",
      ""category"": ""Inflammatory Language"",
      ""subcategory"": ""Demonization"",
      ""paragraphIndex"": 1
    },
    {
      ""text"": ""He called her \""Nervous Nancy\"""",
      ""category"": ""Inflammatory Language"",
      ""subcategory"": ""Name-Calling"",
      ""paragraphIndex"": 1
    },
    {
      ""text"": ""no polarizing language selected"",
      ""category"": ""No Polarizing language"",
      ""subcategory"": ""no polarizing language"",
      ""paragraphIndex"": 2
    }
  ]
}","{""title"": ""the latest: nadler says panel will move quickly on mcgahn"", ""topic"": ""politics"", ""source"": ""Louisville Courier Journal"", ""rating"": ""left"", ""annotations"": [{""category"": ""No Polarizing language"", ""subcategory"": ""no polarizing language"", ""text"": ""no polarizing language selected"", ""openFeedback"": ""Auto-filled: No Polarizing language / no polarizing language"", ""paragraphIndex"": 0}, {""category"": ""No Polarizing language"", ""subcategory"": ""no polarizing language"", ""text"": ""no polarizing language selected"", ""openFeedback"": ""Auto-filled: No Polarizing language / no polarizing language"", ""paragraphIndex"": 1}, {""category"": ""Inflammatory Language"", ""subcategory"": ""demonization"", ""text"": ""Trump lashed out at Pelosi while both were overseas commemorating the 75th anniversary of D-Day in Normandy"", ""openFeedback"": ""Auto-filled: Inflammatory Language / demonization"", ""paragraphIndex"": 2}, {""category"": ""Inflammatory Language"", ""subcategory"": ""name-calling"", ""text"": ""He called her \""Nervous Nancy\"""", ""openFeedback"": ""Auto-filled: Inflammatory Language / name-calling"", ""paragraphIndex"": 2}, {""category"": ""Inflammatory Language"", ""subcategory"": ""demonization"", ""text"": ""she'd rather see him voted out of office and \""in prison\"" than impeached"", ""openFeedback"": ""Auto-filled: Inflammatory Language / demonization"", ""paragraphIndex"": 2}, {""category"": ""Inflammatory Language"", ""subcategory"": ""demonization"", ""text"": ""she's \""done with him.\"""", ""openFeedback"": ""Auto-filled: Inflammatory Language / demonization"", ""paragraphIndex"": 2}, {""category"": ""No Polarizing language"", ""subcategory"": ""no polarizing language"", ""text"": ""no polarizing language selected"", ""openFeedback"": ""Auto-filled: No Polarizing language / no polarizing language"", ""paragraphIndex"": 2}, {""category"": ""No Polarizing language"", ""subcategory"": ""no polarizing language"", ""text"": ""no polarizing language selected"", ""openFeedback"": ""Auto-filled: No Polarizing language / no polarizing language"", ""paragraphIndex"": 3}]}"
5,'WE ARE LIVID!': Mural Honoring Philadelphia Police Officer Killed In Line Of Duty Vandalized,crime,CBS,left,"{
  ""annotations"": [
    {
      ""text"": ""Neighbors are upset after a mural honoring a fallen Philadelphia police officer was vandalized on Thursday."",
      ""category"": ""No Polarizing language"",
      ""subcategory"": ""no polarizing language"",
      ""paragraphIndex"": 0
    },
    {
      ""text"": ""\""It's sickening and disgusting that some low-life would deface the mural of hero and fallen-officer, Robert Wilson III,\"" said FOP Lodge #5 President John McNesby."",
      ""category"": ""Inflammatory Language"",
      ""subcategory"": ""Name-Calling"",
      ""paragraphIndex"": 1
    },
    {
      ""text"": ""no polarizing language selected"",
      ""category"": ""No Polarizing language"",
      ""subcategory"": ""no polarizing language"",
      ""paragraphIndex"": 2
    },
    {
      ""text"": ""\""The ignorance and disrespect shown toward police is at an all time high."",
      ""category"": ""Persuasive Propaganda"",
      ""subcategory"": ""Exaggeration"",
      ""paragraphIndex"": 3
    },
    {
      ""text"": ""the DA of this city set this tone of disrespect for the city by slighting Sgt. Wilson, III by offering a backdoor plea and denying him a trial."",
      ""category"": ""Persuasive Propaganda"",
      ""subcategory"": ""Causal Oversimplification"",
      ""paragraphIndex"": 3
    },
    {
      ""text"": ""If the DA, top persecutor of this city, can tarnish the efforts and life of a slain officer while backing criminals then, why should any other layman warrant any real respect and keep their memory alive?"",
      ""category"": ""Persuasive Propaganda"",
      ""subcategory"": ""Causal Oversimplification"",
      ""paragraphIndex"": 3
    },
    {
      ""text"": ""It has enhanced the ignorance and disrespect shown toward our officers as the consequences of such are as minuscule as a slap on the wrist."",
      ""category"": ""Persuasive Propaganda"",
      ""subcategory"": ""Exaggeration"",
      ""paragraphIndex"": 3
    },
    {
      ""text"": ""no polarizing language selected"",
      ""category"": ""No Polarizing language"",
      ""subcategory"": ""no polarizing language"",
      ""paragraphIndex"": 4
    }
  ]
}","{
  ""title"": ""'WE ARE LIVID!': Mural Honoring Philadelphia Police Officer Killed In Line Of Duty Vandalized"",
  ""topic"": ""crime"",
  ""source"": ""CBS"",
  ""rating"": ""left"",
  ""annotations"": [
    {
      ""category"": ""Inflammatory Language"",
      ""subcategory"": ""name-calling"",
      ""text"": ""sickening and disgusting that some low-life would deface"",
      ""openFeedback"": ""The term 'low-life' is a loaded label used to degrade the vandal without addressing the act neutrally."",
      ""paragraphIndex"": 0
    },
    {
      ""category"": ""Inflammatory Language"",
      ""subcategory"": ""name-calling"",
      ""text"": ""DA, top persecutor of this city"",
      ""openFeedback"": ""Using the label 'persecutor' instead of 'prosecutor' is a pun intended to discredit the District Attorney by implying he persecutes rather than prosecutes."",
      ""paragraphIndex"": 1
    },
    {
      ""category"": ""Persuasive Propaganda"",
      ""subcategory"": ""exaggeration"",
      ""text"": ""consequences of such are as minuscule as a slap on the wrist"",
      ""openFeedback"": ""Describing the legal consequences of a plea deal in a homicide case as 'minuscule as a slap on the wrist' is hyperbolic language intended to incite outrage."",
      ""paragraphIndex"": 2
    }
  ]
}","{
  ""annotations"": [
    {
      ""text"": ""Neighbors are upset after a mural honoring a fallen Philadelphia police officer was vandalized on Thursday."",
      ""category"": ""No Polarizing language"",
      ""subcategory"": ""no polarizing language"",
      ""paragraphIndex"": 0
    },
    {
      ""text"": ""The mural was dedicated to Sgt. Robert Wilson in 2017."",
      ""category"": ""No Polarizing language"",
      ""subcategory"": ""no polarizing language"",
      ""paragraphIndex"": 1
    },
    {
      ""text"": ""Wilson was killed in the line of duty when he walked in on an attempted robbery at a North Philadelphia GameStop in 2015."",
      ""category"": ""No Polarizing language"",
      ""subcategory"": ""no polarizing language"",
      ""paragraphIndex"": 2
    },
    {
      ""text"": ""Wilson went to the store to buy a gift for his son's birthday."",
      ""category"": ""No Polarizing language"",
      ""subcategory"": ""no polarizing language"",
      ""paragraphIndex"": 3
    },
    {
      ""text"": ""The Philadelphia FOP is offering a $10,000 reward for any information that leads to the arrest of the vandal."",
      ""category"": ""No Polarizing language"",
      ""subcategory"": ""no polarizing language"",
      ""paragraphIndex"": 4
    },
    {
      ""text"": ""\""It's sickening and disgusting that some low-life would deface the mural of hero and fallen-officer, Robert Wilson III,\"""",
      ""category"": ""Inflammatory Language"",
      ""subcategory"": ""Name-Calling"",
      ""paragraphIndex"": 5
    },
    {
      ""text"": ""\""We will never forget Rob's bravery, courage and valor when he saved lives inside that GameStop store.\"""",
      ""category"": ""No Polarizing language"",
      ""subcategory"": ""no polarizing language"",
      ""paragraphIndex"": 6
    },
    {
      ""text"": ""'I'm Disgusted': Family Of Murdered Philadelphia Police Sgt. Robert Wilson III Frustrated With Killers' Plea Deal"",
      ""category"": ""No Polarizing language"",
      ""subcategory"": ""no polarizing language"",
      ""paragraphIndex"": 7
    },
    {
      ""text"": ""is speaking out."",
      ""category"": ""No Polarizing language"",
      ""subcategory"": ""no polarizing language"",
      ""paragraphIndex"": 8
    },
    {
      ""text"": ""\""I don't know if this is a racial slur against the police, or if it's a slur because they want this neighborhood back, but there's something going on around here,\"""",
      ""category"": ""Persuasive Propaganda"",
      ""subcategory"": ""Doubt"",
      ""paragraphIndex"": 9
    },
    {
      ""text"": ""\""It's terrible because I feel like his mother got to see this, his son got to see this, his sister has to see this and they already buried their son, their father, their brother."",
      ""category"": ""No Polarizing language"",
      ""subcategory"": ""no polarizing language"",
      ""paragraphIndex"": 10
    },
    {
      ""text"": ""We loved Officer Wilson, he was a hero.\"""",
      ""category"": ""No Polarizing language"",
      ""subcategory"": ""no polarizing language"",
      ""paragraphIndex"": 11
    },
    {
      ""text"": ""released a statement Thursday night."",
      ""category"": ""No Polarizing language"",
      ""subcategory"": ""no polarizing language"",
      ""paragraphIndex"": 12
    },
    {
      ""text"": ""\""The ignorance and disrespect shown toward police is at an all time high."",
      ""category"": ""Persuasive Propaganda"",
      ""subcategory"": ""Exaggeration"",
      ""paragraphIndex"": 13
    },
    {
      ""text"": ""Learning of the blatant disrespect that has been repeatedly shown toward my brother has resulted in an indescribable emotional reaction."",
      ""category"": ""No Polarizing language"",
      ""subcategory"": ""no polarizing language"",
      ""paragraphIndex"": 14
    },
    {
      ""text"": ""In other words, WE ARE LIVID!"",
      ""category"": ""No Polarizing language"",
      ""subcategory"": ""no polarizing language"",
      ""paragraphIndex"": 15
    },
    {
      ""text"": ""One year ago, the DA of this city set this tone of disrespect for the city by slighting Sgt. Wilson, III by offering a backdoor plea and denying him a trial."",
      ""category"": ""Persuasive Propaganda"",
      ""subcategory"": ""Causal Oversimplification"",
      ""paragraphIndex"": 16
    },
    {
      ""text"": ""\""If the DA, top persecutor of this city, can tarnish the efforts and life of a slain officer while backing criminals then, why should any other layman warrant any real respect and keep their memory alive?"",
      ""category"": ""Persuasive Propaganda"",
      ""subcategory"": ""Causal Oversimplification"",
      ""paragraphIndex"": 17
    },
    {
      ""text"": ""It has enhanced the ignorance and disrespect shown toward our officers as the consequences of such are as minuscule as a slap on the wrist."",
      ""category"": ""Persuasive Propaganda"",
      ""subcategory"": ""Exaggeration"",
      ""paragraphIndex"": 18
    },
    {
      ""text"": ""\""Yes, my brother was an officer of the Philadelphia Police Department."",
      ""category"": ""No Polarizing language"",
      ""subcategory"": ""no polarizing language"",
      ""paragraphIndex"": 19
    },
    {
      ""text"": ""He was also a man who put his life on the line to protect and save the lives of those in that GameStop."",
      ""category"": ""No Polarizing language"",
      ""subcategory"": ""no polarizing language"",
      ""paragraphIndex"": 20
    },
    {
      ""text"": ""He lost his life and, in any capacity, that should be enough to warrant respect.\"""",
      ""category"": ""No Polarizing language"",
      ""subcategory"": ""no polarizing language"",
      ""paragraphIndex"": 21
    },
    {
      ""text"": ""If you know anything about this graffiti, call police."",
      ""category"": ""No Polarizing language"",
      ""subcategory"": ""no polarizing language"",
      ""paragraphIndex"": 22
    }
  ]
}","{""title"": ""'WE ARE LIVID!': Mural Honoring Philadelphia Police Officer Killed In Line Of Duty Vandalized"", ""topic"": ""crime"", ""source"": ""CBS"", ""rating"": ""left"", ""annotations"": [{""category"": ""Inflammatory Language"", ""subcategory"": ""name-calling"", ""text"": ""\""It's sickening and disgusting that some low-life would deface the mural of hero and fallen-officer, Robert Wilson III,\"" said FOP Lodge #5 President John McNesby."", ""openFeedback"": ""Auto-filled: Inflammatory Language / name-calling"", ""paragraphIndex"": 0}, {""category"": ""Inflammatory Language"", ""subcategory"": ""name-calling"", ""text"": ""sickening and disgusting that some low-life would deface"", ""openFeedback"": ""The term 'low-life' is a loaded label used to degrade the vandal without addressing the act neutrally."", ""paragraphIndex"": 0}, {""category"": ""Inflammatory Language"", ""subcategory"": ""name-calling"", ""text"": ""\""It's sickening and disgusting that some low-life would deface the mural of hero and fallen-officer, Robert Wilson III,\"""", ""openFeedback"": ""Auto-filled: Inflammatory Language / name-calling"", ""paragraphIndex"": 0}, {""category"": ""Persuasive Propaganda"", ""subcategory"": ""doubt"", ""text"": ""\""I don't know if this is a racial slur against the police, or if it's a slur because they want this neighborhood back, but there's something going on around here,\"""", ""openFeedback"": ""Auto-filled: Persuasive Propaganda / doubt"", ""paragraphIndex"": 1}, {""category"": ""Persuasive Propaganda"", ""subcategory"": ""exaggeration"", ""text"": ""\""The ignorance and disrespect shown toward police is at an all time high."", ""openFeedback"": ""Auto-filled: Persuasive Propaganda / exaggeration"", ""paragraphIndex"": 1}, {""category"": ""Persuasive Propaganda"", ""subcategory"": ""casual oversimplification"", ""text"": ""the DA of this city set this tone of disrespect for the city by slighting Sgt. Wilson, III by offering a backdoor plea and denying him a trial."", ""openFeedback"": ""Auto-filled: Persuasive Propaganda / casual oversimplification"", ""paragraphIndex"": 1}, {""category"": ""Persuasive Propaganda"", ""subcategory"": ""casual oversimplification"", ""text"": ""If the DA, top persecutor of this city, can tarnish the efforts and life of a slain officer while backing criminals then, why should any other layman warrant any real respect and keep their memory alive?"", ""openFeedback"": ""Auto-filled: Persuasive Propaganda / casual oversimplification"", ""paragraphIndex"": 1}, {""category"": ""Inflammatory Language"", ""subcategory"": ""name-calling"", ""text"": ""DA, top persecutor of this city"", ""openFeedback"": ""Using the label 'persecutor' instead of 'prosecutor' is a pun intended to discredit the District Attorney by implying he persecutes rather than prosecutes."", ""paragraphIndex"": 1}, {""category"": ""Persuasive Propaganda"", ""subcategory"": ""exaggeration"", ""text"": ""It has enhanced the ignorance and disrespect shown toward our officers as the consequences of such are as minuscule as a slap on the wrist."", ""openFeedback"": ""Auto-filled: Persuasive Propaganda / exaggeration"", ""paragraphIndex"": 2}, {""category"": ""Persuasive Propaganda"", ""subcategory"": ""exaggeration"", ""text"": ""consequences of such are as minuscule as a slap on the wrist"", ""openFeedback"": ""Describing the legal consequences of a plea deal in a homicide case as 'minuscule as a slap on the wrist' is hyperbolic language intended to incite outrage."", ""paragraphIndex"": 2}]}"
6,george conway urges trump to resign over aborted iran strike,science,The Boston Globe,left,"{
  ""annotations"": [
    {
      ""text"": ""To say this is amateur hour would defame amateurs."",
      ""category"": ""Inflammatory Language"",
      ""subcategory"": ""Name-Calling"",
      ""paragraphIndex"": 0
    },
    {
      ""text"": ""you're even more of an idiot than people think you are"",
      ""category"": ""Inflammatory Language"",
      ""subcategory"": ""Name-Calling"",
      ""paragraphIndex"": 0
    },
    {
      ""text"": ""Do the country and the world a favor. Go back to real estate, where the worst you can do is kill banks."",
      ""category"": ""Persuasive Propaganda"",
      ""subcategory"": ""Exaggeration"",
      ""paragraphIndex"": 0
    },
    {
      ""text"": ""To say this is amateur hour would defame amateurs."",
      ""category"": ""Inflammatory Language"",
      ""subcategory"": ""Name-Calling"",
      ""paragraphIndex"": 1
    },
    {
      ""text"": ""you're even more of an idiot than people think you are."",
      ""category"": ""Inflammatory Language"",
      ""subcategory"": ""Name-Calling"",
      ""paragraphIndex"": 1
    },
    {
      ""text"": ""Do the country and the world a favor. Go back to real estate, where the worst you can do is kill banks."",
      ""category"": ""Persuasive Propaganda"",
      ""subcategory"": ""Exaggeration"",
      ""paragraphIndex"": 1
    },
    {
      ""text"": ""no polarizing language selected"",
      ""category"": ""No Polarizing language"",
      ""subcategory"": ""no polarizing language"",
      ""paragraphIndex"": 2
    },
    {
      ""text"": ""no polarizing language selected"",
      ""category"": ""No Polarizing language"",
      ""subcategory"": ""no polarizing language"",
      ""paragraphIndex"": 3
    },
    {
      ""text"": ""an \""erratic, unstable, incompetent, ignorant, intellectually lazy, narcissistic, and sociopathic man whose judgment no serious, intelligent person trusts.\"""",
      ""category"": ""Inflammatory Language"",
      ""subcategory"": ""Name-Calling"",
      ""paragraphIndex"": 4
    }
  ]
}","{
  ""title"": ""george conway urges trump to resign over aborted iran strike"",
  ""topic"": ""science"",
  ""source"": ""The Boston Globe"",
  ""rating"": ""left"",
  ""annotations"": [
    {
      ""category"": ""Inflammatory Language"",
      ""subcategory"": ""name-calling"",
      ""text"": ""you're even more of an idiot than people think you are"",
      ""openFeedback"": ""The speaker explicitly labels the target as an 'idiot' to discredit him."",
      ""paragraphIndex"": 0
    },
    {
      ""category"": ""Inflammatory Language"",
      ""subcategory"": ""name-calling"",
      ""text"": ""To say this is amateur hour would defame amateurs"",
      ""openFeedback"": ""The speaker uses a loaded comparison ('amateur hour') to mock the administration's competence."",
      ""paragraphIndex"": 0
    },
    {
      ""category"": ""Inflammatory Language"",
      ""subcategory"": ""name-calling"",
      ""text"": ""you're even more of an idiot than people think you are"",
      ""openFeedback"": ""The text repeats the explicit label 'idiot' directed at the target."",
      ""paragraphIndex"": 1
    },
    {
      ""category"": ""No Polarizing language"",
      ""subcategory"": ""no polarizing language"",
      ""text"": ""no polarizing language selected"",
      ""openFeedback"": ""This paragraph reports on official statements and disputes regarding drone locations without using loaded language."",
      ""paragraphIndex"": 2
    },
    {
      ""category"": ""Inflammatory Language"",
      ""subcategory"": ""name-calling"",
      ""text"": ""erratic, unstable, incompetent, ignorant, intellectually lazy, narcissistic, and sociopathic man"",
      ""openFeedback"": ""The speaker attacks the target's character with a string of highly negative and emotionally charged labels."",
      ""paragraphIndex"": 3
    }
  ]
}","{
  ""annotations"": [
    {
      ""text"": ""no polarizing language selected"",
      ""category"": ""No Polarizing language"",
      ""subcategory"": ""no polarizing language"",
      ""paragraphIndex"": 0
    },
    {
      ""text"": ""you're even more of an idiot than people think you are"",
      ""category"": ""Name-Calling"",
      ""subcategory"": ""Name-Calling"",
      ""paragraphIndex"": 1
    },
    {
      ""text"": ""slamming the commander in chief as an \""erratic, unstable, incompetent, ignorant, intellectually lazy, narcissistic, and sociopathic man"",
      ""category"": ""Name-Calling"",
      ""subcategory"": ""Name-Calling"",
      ""paragraphIndex"": 2
    }
  ]
}","{""title"": ""george conway urges trump to resign over aborted iran strike"", ""topic"": ""science"", ""source"": ""The Boston Globe"", ""rating"": ""left"", ""annotations"": [{""category"": ""Inflammatory Language"", ""subcategory"": ""name-calling"", ""text"": ""To say this is amateur hour would defame amateurs."", ""openFeedback"": ""Auto-filled: Inflammatory Language / name-calling"", ""paragraphIndex"": 0}, {""category"": ""Inflammatory Language"", ""subcategory"": ""name-calling"", ""text"": ""you're even more of an idiot than people think you are"", ""openFeedback"": ""The speaker explicitly labels the target as an 'idiot' to discredit him."", ""paragraphIndex"": 0}, {""category"": ""Persuasive Propaganda"", ""subcategory"": ""exaggeration"", ""text"": ""Do the country and the world a favor. Go back to real estate, where the worst you can do is kill banks."", ""openFeedback"": ""Auto-filled: Persuasive Propaganda / exaggeration"", ""paragraphIndex"": 0}, {""category"": ""No Polarizing language"", ""subcategory"": ""no polarizing language"", ""text"": ""no polarizing language selected"", ""openFeedback"": ""This paragraph reports on official statements and disputes regarding drone locations without using loaded language."", ""paragraphIndex"": 2}, {""category"": ""Inflammatory Language"", ""subcategory"": ""name-calling"", ""text"": ""an \""erratic, unstable, incompetent, ignorant, intellectually lazy, narcissistic, and sociopathic man whose judgment no serious, intelligent person trusts.\"""", ""openFeedback"": ""Auto-filled: Inflammatory Language / name-calling"", ""paragraphIndex"": 3}]}"
7,Did Jared Kushner Violate the Hatch Act? Democrats Request Investigation After Kellyanne Conway Findings,legal arguments,Newsweek,left,"{
  ""annotations"": [
    {
      ""text"": ""no polarizing language selected"",
      ""category"": ""No Polarizing language"",
      ""subcategory"": ""no polarizing language"",
      ""paragraphIndex"": 0
    },
    {
      ""text"": ""Jared Kushner has repeatedly benefited from special treatment; as with his many deceptions regarding his security clearance this is something no rank-and-file federal employee would get away with"",
      ""category"": ""Inflammatory Language"",
      ""subcategory"": ""Demonization"",
      ""paragraphIndex"": 1
    },
    {
      ""text"": ""Jared Kushner lied on his SF-86 form and must lose his security clearance"",
      ""category"": ""Inflammatory Language"",
      ""subcategory"": ""Demonization"",
      ""paragraphIndex"": 2
    }
  ]
}","{
""title"": ""Did Jared Kushner Violate the Hatch Act? Democrats Request Investigation After Kellyanne Conway Findings"",
""topic"": ""legal arguments"",
""source"": ""Newsweek"",
""rating"": ""left"",
""annotations"": [
{
""category"": ""No Polarizing language"",
""subcategory"": ""no polarizing language"",
""text"": ""no polarizing language selected"",
""openFeedback"": ""This paragraph reports on factual events, official recommendations, and specific legal accusations regarding the Hatch Act without using inflammatory language or persuasive propaganda."",
""paragraphIndex"": 0
},
{
""category"": ""No Polarizing language"",
""subcategory"": ""no polarizing language"",
""text"": ""no polarizing language selected"",
""openFeedback"": ""The paragraph quotes strong criticisms ('many deceptions', 'special treatment'), but these are specific allegations related to security clearances and the Hatch Act rather than broad inflammatory labels or propaganda."",
""paragraphIndex"": 1
},
{
""category"": ""Persuasive Propaganda"",
""subcategory"": ""slogans"",
""text"": ""along with the hashtag #RevokeKushner"",
""openFeedback"": ""The inclusion of the hashtag #RevokeKushner constitutes a slogan, utilizing a catchy phrase to mobilize support against the target."",
""paragraphIndex"": 2
}
]
}","{
  ""annotations"": [
    {
      ""text"": ""no polarizing language selected"",
      ""category"": ""No Polarizing language"",
      ""subcategory"": ""no polarizing language"",
      ""paragraphIndex"": 0
    },
    {
      ""text"": ""Jared Kushner has repeatedly benefited from special treatment; as with his many deceptions regarding his security clearance this is something no rank-and-file federal employee would get away with"",
      ""category"": ""Inflammatory Language"",
      ""subcategory"": ""Name-Calling"",
      ""paragraphIndex"": 1
    },
    {
      ""text"": ""no polarizing language selected"",
      ""category"": ""No Polarizing language"",
      ""subcategory"": ""no polarizing language"",
      ""paragraphIndex"": 2
    }
  ]
}","{""title"": ""Did Jared Kushner Violate the Hatch Act? Democrats Request Investigation After Kellyanne Conway Findings"", ""topic"": ""legal arguments"", ""source"": ""Newsweek"", ""rating"": ""left"", ""annotations"": [{""category"": ""No Polarizing language"", ""subcategory"": ""no polarizing language"", ""text"": ""no polarizing language selected"", ""openFeedback"": ""Auto-filled: No Polarizing language / no polarizing language"", ""paragraphIndex"": 0}, {""category"": ""Inflammatory Language"", ""subcategory"": ""demonization"", ""text"": ""Jared Kushner has repeatedly benefited from special treatment; as with his many deceptions regarding his security clearance this is something no rank-and-file federal employee would get away with"", ""openFeedback"": ""Auto-filled: Inflammatory Language / demonization"", ""paragraphIndex"": 1}, {""category"": ""Inflammatory Language"", ""subcategory"": ""demonization"", ""text"": ""Jared Kushner lied on his SF-86 form and must lose his security clearance"", ""openFeedback"": ""Auto-filled: Inflammatory Language / demonization"", ""paragraphIndex"": 2}]}"
8,"ron desantis signs amendment 4 bill, limiting felon voting",environmental issues,The Sacramento Bee,left,"{
  ""annotations"": [
    {
      ""text"": ""a controversial bill limiting how many felons will be able to vote, undercutting much of the promise of last year's historic Amendment 4"",
      ""category"": ""Persuasive Propaganda"",
      ""subcategory"": ""Exaggeration"",
      ""paragraphIndex"": 0
    },
    {
      ""text"": ""was called a \""poll tax\"" by critics because it requires all felons to pay back their financial obligations before being eligible to vote"",
      ""category"": ""Persuasive Propaganda"",
      ""subcategory"": ""Exaggeration"",
      ""paragraphIndex"": 0
    },
    {
      ""text"": ""Those obligations are expected to disenfranchise hundreds of thousands of felons who can't immediately afford to pay off their court fees, fines and restitution to victims"",
      ""category"": ""Persuasive Propaganda"",
      ""subcategory"": ""Exaggeration"",
      ""paragraphIndex"": 0
    },
    {
      ""text"": ""no polarizing language selected"",
      ""category"": ""No Polarizing language"",
      ""subcategory"": ""no polarizing language"",
      ""paragraphIndex"": 1
    },
    {
      ""text"": ""no polarizing language selected"",
      ""category"": ""No Polarizing language"",
      ""subcategory"": ""no polarizing language"",
      ""paragraphIndex"": 2
    },
    {
      ""text"": ""And the Republicans' approach is confusing and expensive"",
      ""category"": ""Persuasive Propaganda"",
      ""subcategory"": ""Exaggeration"",
      ""paragraphIndex"": 3
    }
  ]
}","{
  ""title"": ""ron desantis signs amendment 4 bill, limiting felon voting"",
  ""topic"": ""environmental issues"",
  ""source"": ""The Sacramento Bee"",
  ""rating"": ""left"",
  ""annotations"": [
    {
      ""category"": ""No Polarizing language"",
      ""subcategory"": ""no polarizing language"",
      ""text"": ""no polarizing language selected"",
      ""openFeedback"": ""The paragraph reports on the signing of the bill and attributes the controversial label 'poll tax' explicitly to critics, maintaining a journalistic distance."",
      ""paragraphIndex"": 0
    },
    {
      ""category"": ""No Polarizing language"",
      ""subcategory"": ""no polarizing language"",
      ""text"": ""no polarizing language selected"",
      ""openFeedback"": ""The language describing the Jim Crow era policies as 'racist' and 'meant to keep black people off the voter rolls' is consistent with historical analysis rather than inflammatory propaganda."",
      ""paragraphIndex"": 1
    },
    {
      ""category"": ""No Polarizing language"",
      ""subcategory"": ""no polarizing language"",
      ""text"": ""no polarizing language selected"",
      ""openFeedback"": ""This paragraph describes the legislative interpretation dispute and the arguments from both sides without using explicit inflammatory language or propaganda techniques."",
      ""paragraphIndex"": 2
    },
    {
      ""category"": ""No Polarizing language"",
      ""subcategory"": ""no polarizing language"",
      ""text"": ""no polarizing language selected"",
      ""openFeedback"": ""While the author characterizes the approach as 'confusing and expensive', these are critical descriptors related to the implementation issues discussed, rather than purely inflammatory labels or propaganda."",
      ""paragraphIndex"": 3
    }
  ]
}","{
  ""annotations"": [
    {
      ""text"": ""a controversial bill limiting how many felons will be able to vote, undercutting much of the promise of last year's historic Amendment 4"",
      ""category"": ""Persuasive Propaganda"",
      ""subcategory"": ""Exaggeration"",
      ""paragraphIndex"": 0
    },
    {
      ""text"": ""no polarizing language selected"",
      ""category"": ""No Polarizing language"",
      ""subcategory"": ""no polarizing language"",
      ""paragraphIndex"": 1
    },
    {
      ""text"": ""the most racist and enduring policies of Florida's Jim Crow era"",
      ""category"": ""Inflammatory Language"",
      ""subcategory"": ""Demonization"",
      ""paragraphIndex"": 2
    },
    {
      ""text"": ""It worked. By 2016, more than one in five black Floridians were ineligible to vote because they were felons."",
      ""category"": ""Persuasive Propaganda"",
      ""subcategory"": ""Causal Oversimplification"",
      ""paragraphIndex"": 2
    },
    {
      ""text"": ""no polarizing language selected"",
      ""category"": ""No Polarizing language"",
      ""subcategory"": ""no polarizing language"",
      ""paragraphIndex"": 3
    },
    {
      ""text"": ""And the Republicans' approach is confusing and expensive."",
      ""category"": ""Persuasive Propaganda"",
      ""subcategory"": ""Exaggeration"",
      ""paragraphIndex"": 4
    }
  ]
}","{""title"": ""ron desantis signs amendment 4 bill, limiting felon voting"", ""topic"": ""environmental issues"", ""source"": ""The Sacramento Bee"", ""rating"": ""left"", ""annotations"": [{""category"": ""No Polarizing language"", ""subcategory"": ""no polarizing language"", ""text"": ""no polarizing language selected"", ""openFeedback"": ""The paragraph reports on the signing of the bill and attributes the controversial label 'poll tax' explicitly to critics, maintaining a journalistic distance."", ""paragraphIndex"": 0}, {""category"": ""No Polarizing language"", ""subcategory"": ""no polarizing language"", ""text"": ""no polarizing language selected"", ""openFeedback"": ""The language describing the Jim Crow era policies as 'racist' and 'meant to keep black people off the voter rolls' is consistent with historical analysis rather than inflammatory propaganda."", ""paragraphIndex"": 1}, {""category"": ""No Polarizing language"", ""subcategory"": ""no polarizing language"", ""text"": ""no polarizing language selected"", ""openFeedback"": ""This paragraph describes the legislative interpretation dispute and the arguments from both sides without using explicit inflammatory language or propaganda techniques."", ""paragraphIndex"": 2}, {""category"": ""No Polarizing language"", ""subcategory"": ""no polarizing language"", ""text"": ""no polarizing language selected"", ""openFeedback"": ""While the author characterizes the approach as 'confusing and expensive', these are critical descriptors related to the implementation issues discussed, rather than purely inflammatory labels or propaganda."", ""paragraphIndex"": 3}]}"
9,"senate confirms judge who attacked roe v. wade, called being transgender 'a delusion'",science,Business Insider,center,"{
  ""annotations"": [
    {
      ""text"": ""record of hostility toward LGBTQ rights and abortion rights"",
      ""category"": ""Inflammatory Language"",
      ""subcategory"": ""Demonization"",
      ""paragraphIndex"": 0
    },
    {
      ""text"": ""because of his extreme views on both fronts"",
      ""category"": ""Inflammatory Language"",
      ""subcategory"": ""Name-Calling"",
      ""paragraphIndex"": 0
    },
    {
      ""text"": ""called being transgender \""a delusion.\"""",
      ""category"": ""Inflammatory Language"",
      ""subcategory"": ""Demonization"",
      ""paragraphIndex"": 1
    },
    {
      ""text"": ""a celestial phenomenon invisible to the non-lawyer eye.\"" (What?)"",
      ""category"": ""Persuasive Propaganda"",
      ""subcategory"": ""Exaggeration"",
      ""paragraphIndex"": 1
    },
    {
      ""text"": ""bizarre comments Kacsmaryk has made about the Equality Act"",
      ""category"": ""Inflammatory Language"",
      ""subcategory"": ""Name-Calling"",
      ""paragraphIndex"": 1
    },
    {
      ""text"": ""the human person is an autonomous blob of Silly Putty, unconstrained by nature or biology"",
      ""category"": ""Inflammatory Language"",
      ""subcategory"": ""Demonization"",
      ""paragraphIndex"": 1
    },
    {
      ""text"": ""Why would my colleagues want to drape black robes over these bigoted views?"",
      ""category"": ""Inflammatory Language"",
      ""subcategory"": ""Name-Calling"",
      ""paragraphIndex"": 2
    },
    {
      ""text"": ""a right-wing Christian advocacy group, sounds like a lot of President Donald Trump's other judicial nominees young, right-wing ideologues"",
      ""category"": ""Inflammatory Language"",
      ""subcategory"": ""Name-Calling"",
      ""paragraphIndex"": 2
    },
    {
      ""text"": ""He is one of Trump's most extreme nominees"",
      ""category"": ""Inflammatory Language"",
      ""subcategory"": ""Name-Calling"",
      ""paragraphIndex"": 2
    },
    {
      ""text"": ""funneling anti-abortion and anti-LGBTQ nominees to the White House"",
      ""category"": ""Persuasive Propaganda"",
      ""subcategory"": ""Causal Oversimplification"",
      ""paragraphIndex"": 2
    },
    {
      ""text"": ""no polarizing language selected"",
      ""category"": ""No Polarizing language"",
      ""subcategory"": ""no polarizing language"",
      ""paragraphIndex"": 3
    }
  ]
}","{
  ""title"": ""senate confirms judge who attacked roe v. wade, called being transgender 'a delusion'"",
  ""topic"": ""science"",
  ""source"": ""Business Insider"",
  ""rating"": ""center"",
  ""annotations"": [
    {
      ""category"": ""Inflammatory Language"",
      ""subcategory"": ""name-calling"",
      ""text"": ""extreme views on both fronts"",
      ""openFeedback"": ""Labeling the subject's views as 'extreme' uses a loaded adjective to shape the audience's perception of his political stance."",
      ""paragraphIndex"": 0
    },
    {
      ""category"": ""Inflammatory Language"",
      ""subcategory"": ""name-calling"",
      ""text"": ""autonomous blob of Silly Putty"",
      ""openFeedback"": ""Using the phrase 'autonomous blob of Silly Putty' to describe a person is a dehumanizing and mocking label used to discredit the concept of gender identity."",
      ""paragraphIndex"": 1
    },
    {
      ""category"": ""Inflammatory Language"",
      ""subcategory"": ""name-calling"",
      ""text"": ""judicial nominees young, right-wing ideologues"",
      ""openFeedback"": ""Referring to judges as 'ideologues' is a loaded label that questions their impartiality and professional integrity."",
      ""paragraphIndex"": 2
    },
    {
      ""text"": ""no polarizing language selected"",
      ""category"": ""No Polarizing language"",
      ""subcategory"": ""no polarizing language"",
      ""openFeedback"": ""This paragraph contains factual statistics regarding judicial confirmations without using inflammatory or persuasive language."",
      ""paragraphIndex"": 3
    }
  ]
}","{
  ""annotations"": [
    {
      ""text"": ""record of hostility toward LGBTQ rights and abortion rights"",
      ""category"": ""Inflammatory Language"",
      ""subcategory"": ""Demonization"",
      ""paragraphIndex"": 0
    },
    {
      ""text"": ""because of his extreme views on both fronts"",
      ""category"": ""Persuasive Propaganda"",
      ""subcategory"": ""Exaggeration"",
      ""paragraphIndex"": 0
    },
    {
      ""text"": ""no polarizing language selected"",
      ""category"": ""No Polarizing language"",
      ""subcategory"": ""no polarizing language"",
      ""paragraphIndex"": 1
    },
    {
      ""text"": ""a celestial phenomenon invisible to the non-lawyer eye"",
      ""category"": ""Persuasive Propaganda"",
      ""subcategory"": ""Exaggeration"",
      ""paragraphIndex"": 1
    },
    {
      ""text"": ""the human person is an autonomous blob of Silly Putty, unconstrained by nature or biology"",
      ""category"": ""Inflammatory Language"",
      ""subcategory"": ""Name-Calling"",
      ""paragraphIndex"": 1
    },
    {
      ""text"": ""Why on earth is this man a nominee for a lifetime appointment?"",
      ""category"": ""Persuasive Propaganda"",
      ""subcategory"": ""Exaggeration"",
      ""paragraphIndex"": 2
    },
    {
      ""text"": ""drape black robes over these bigoted views"",
      ""category"": ""Inflammatory Language"",
      ""subcategory"": ""Name-Calling"",
      ""paragraphIndex"": 2
    },
    {
      ""text"": ""a right-wing Christian advocacy group"",
      ""category"": ""Inflammatory Language"",
      ""subcategory"": ""Name-Calling"",
      ""paragraphIndex"": 3
    },
    {
      ""text"": ""young, right-wing ideologues , the vast majority of whom are white men"",
      ""category"": ""Inflammatory Language"",
      ""subcategory"": ""Name-Calling"",
      ""paragraphIndex"": 3
    },
    {
      ""text"": ""He is one of Trump's most extreme nominees"",
      ""category"": ""Persuasive Propaganda"",
      ""subcategory"": ""Exaggeration"",
      ""paragraphIndex"": 3
    },
    {
      ""text"": ""driving Trump's judicial selection process and funneling anti-abortion and anti-LGBTQ nominees"",
      ""category"": ""Persuasive Propaganda"",
      ""subcategory"": ""Causal Oversimplification"",
      ""paragraphIndex"": 3
    },
    {
      ""text"": ""has made judicial confirmations his top priority while Trump is in the White House"",
      ""category"": ""Persuasive Propaganda"",
      ""subcategory"": ""Causal Oversimplification"",
      ""paragraphIndex"": 4
    },
    {
      ""text"": ""ushered through the confirmations of two Supreme Court justices, 76 district judges and 41 circuit judges"",
      ""category"": ""Persuasive Propaganda"",
      ""subcategory"": ""Exaggeration"",
      ""paragraphIndex"": 4
    }
  ]
}","{""title"": ""senate confirms judge who attacked roe v. wade, called being transgender 'a delusion'"", ""topic"": ""science"", ""source"": ""Business Insider"", ""rating"": ""center"", ""annotations"": [{""category"": ""Inflammatory Language"", ""subcategory"": ""demonization"", ""text"": ""record of hostility toward LGBTQ rights and abortion rights"", ""openFeedback"": ""Auto-filled: Inflammatory Language / demonization"", ""paragraphIndex"": 0}, {""category"": ""Inflammatory Language"", ""subcategory"": ""name-calling"", ""text"": ""because of his extreme views on both fronts"", ""openFeedback"": ""Auto-filled: Inflammatory Language / name-calling"", ""paragraphIndex"": 0}, {""category"": ""Inflammatory Language"", ""subcategory"": ""name-calling"", ""text"": ""extreme views on both fronts"", ""openFeedback"": ""Labeling the subject's views as 'extreme' uses a loaded adjective to shape the audience's perception of his political stance."", ""paragraphIndex"": 0}, {""category"": ""Inflammatory Language"", ""subcategory"": ""demonization"", ""text"": ""called being transgender \""a delusion.\"""", ""openFeedback"": ""Auto-filled: Inflammatory Language / demonization"", ""paragraphIndex"": 1}, {""category"": ""Persuasive Propaganda"", ""subcategory"": ""exaggeration"", ""text"": ""a celestial phenomenon invisible to the non-lawyer eye.\"" (What?)"", ""openFeedback"": ""Auto-filled: Persuasive Propaganda / exaggeration"", ""paragraphIndex"": 1}, {""category"": ""Persuasive Propaganda"", ""subcategory"": ""exaggeration"", ""text"": ""a celestial phenomenon invisible to the non-lawyer eye"", ""openFeedback"": ""Auto-filled: Persuasive Propaganda / exaggeration"", ""paragraphIndex"": 1}, {""category"": ""Inflammatory Language"", ""subcategory"": ""name-calling"", ""text"": ""bizarre comments Kacsmaryk has made about the Equality Act"", ""openFeedback"": ""Auto-filled: Inflammatory Language / name-calling"", ""paragraphIndex"": 1}, {""category"": ""Inflammatory Language"", ""subcategory"": ""demonization"", ""text"": ""the human person is an autonomous blob of Silly Putty, unconstrained by nature or biology"", ""openFeedback"": ""Auto-filled: Inflammatory Language / demonization"", ""paragraphIndex"": 1}, {""category"": ""Inflammatory Language"", ""subcategory"": ""name-calling"", ""text"": ""autonomous blob of Silly Putty"", ""openFeedback"": ""Using the phrase 'autonomous blob of Silly Putty' to describe a person is a dehumanizing and mocking label used to discredit the concept of gender identity."", ""paragraphIndex"": 1}, {""category"": ""Persuasive Propaganda"", ""subcategory"": ""exaggeration"", ""text"": ""Why on earth is this man a nominee for a lifetime appointment?"", ""openFeedback"": ""Auto-filled: Persuasive Propaganda / exaggeration"", ""paragraphIndex"": 2}, {""category"": ""Inflammatory Language"", ""subcategory"": ""name-calling"", ""text"": ""Why would my colleagues want to drape black robes over these bigoted views?"", ""openFeedback"": ""Auto-filled: Inflammatory Language / name-calling"", ""paragraphIndex"": 2}, {""category"": ""Inflammatory Language"", ""subcategory"": ""name-calling"", ""text"": ""drape black robes over these bigoted views"", ""openFeedback"": ""Auto-filled: Inflammatory Language / name-calling"", ""paragraphIndex"": 2}, {""category"": ""Inflammatory Language"", ""subcategory"": ""name-calling"", ""text"": ""a right-wing Christian advocacy group, sounds like a lot of President Donald Trump's other judicial nominees young, right-wing ideologues"", ""openFeedback"": ""Auto-filled: Inflammatory Language / name-calling"", ""paragraphIndex"": 2}, {""category"": ""Inflammatory Language"", ""subcategory"": ""name-calling"", ""text"": ""a right-wing Christian advocacy group"", ""openFeedback"": ""Auto-filled: Inflammatory Language / name-calling"", ""paragraphIndex"": 2}, {""category"": ""Inflammatory Language"", ""subcategory"": ""name-calling"", ""text"": ""judicial nominees young, right-wing ideologues"", ""openFeedback"": ""Referring to judges as 'ideologues' is a loaded label that questions their impartiality and professional integrity."", ""paragraphIndex"": 2}, {""category"": ""Inflammatory Language"", ""subcategory"": ""name-calling"", ""text"": ""young, right-wing ideologues , the vast majority of whom are white men"", ""openFeedback"": ""Auto-filled: Inflammatory Language / name-calling"", ""paragraphIndex"": 2}, {""category"": ""Inflammatory Language"", ""subcategory"": ""name-calling"", ""text"": ""He is one of Trump's most extreme nominees"", ""openFeedback"": ""Auto-filled: Inflammatory Language / name-calling"", ""paragraphIndex"": 2}, {""category"": ""Persuasive Propaganda"", ""subcategory"": ""exaggeration"", ""text"": ""He is one of Trump's most extreme nominees"", ""openFeedback"": ""Auto-filled: Persuasive Propaganda / exaggeration"", ""paragraphIndex"": 2}, {""category"": ""Persuasive Propaganda"", ""subcategory"": ""casual oversimplification"", ""text"": ""funneling anti-abortion and anti-LGBTQ nominees to the White House"", ""openFeedback"": ""Auto-filled: Persuasive Propaganda / casual oversimplification"", ""paragraphIndex"": 2}, {""category"": ""Persuasive Propaganda"", ""subcategory"": ""casual oversimplification"", ""text"": ""driving Trump's judicial selection process and funneling anti-abortion and anti-LGBTQ nominees"", ""openFeedback"": ""Auto-filled: Persuasive Propaganda / casual oversimplification"", ""paragraphIndex"": 2}, {""category"": ""No Polarizing language"", ""subcategory"": ""no polarizing language"", ""text"": ""no polarizing language selected"", ""openFeedback"": ""Auto-filled: No Polarizing language / no polarizing language"", ""paragraphIndex"": 3}, {""category"": ""No Polarizing language"", ""subcategory"": ""no polarizing language"", ""text"": ""no polarizing language selected"", ""openFeedback"": ""This paragraph contains factual statistics regarding judicial confirmations without using inflammatory or persuasive language."", ""paragraphIndex"": 3}]}"
10,"editorial: six months after california's landmark police transparency law, many agencies still won't release their records",crime,USA TODAY,center,"{
  ""annotations"": [
    {
      ""text"": ""many police departments believe that compliance with the law is optional"",
      ""category"": ""Persuasive Propaganda"",
      ""subcategory"": ""Causal Oversimplification"",
      ""paragraphIndex"": 0
    },
    {
      ""text"": ""So many police departments are resisting compliance"",
      ""category"": ""Persuasive Propaganda"",
      ""subcategory"": ""Exaggeration"",
      ""paragraphIndex"": 0
    },
    {
      ""text"": ""This is lawless conduct, and it's depriving the public from the right to know"",
      ""category"": ""Inflammatory Language"",
      ""subcategory"": ""Demonization"",
      ""paragraphIndex"": 0
    },
    {
      ""text"": ""no polarizing language selected"",
      ""category"": ""No Polarizing language"",
      ""subcategory"": ""no polarizing language"",
      ""paragraphIndex"": 1
    },
    {
      ""text"": ""Becerra's obvious bias toward the police groups could prove an obstacle"",
      ""category"": ""Persuasive Propaganda"",
      ""subcategory"": ""Doubt"",
      ""paragraphIndex"": 2
    },
    {
      ""text"": ""No one least of all the agencies that have sworn to protect and serve the public should be allowed to thwart the law"",
      ""category"": ""Persuasive Propaganda"",
      ""subcategory"": ""Causal Oversimplification"",
      ""paragraphIndex"": 3
    }
  ]
}","{
  ""title"": ""editorial: six months after california's landmark police transparency law, many agencies still won't release their records"",
  ""topic"": ""crime"",
  ""source"": ""USA TODAY"",
  ""rating"": ""center"",
  ""annotations"": [
    {
      ""category"": ""Persuasive Propaganda"",
      ""subcategory"": ""exaggeration"",
      ""text"": ""many police departments believe that compliance with the law is optional"",
      ""openFeedback"": ""The author exaggerates the legal resistance or administrative delays of police departments by framing it as a belief that they are above the law."",
      ""paragraphIndex"": 0
    },
    {
      ""category"": ""No Polarizing language"",
      ""subcategory"": ""no polarizing language"",
      ""text"": ""no polarizing language selected"",
      ""openFeedback"": ""The paragraph contains strong language ('lawless conduct', 'sandbagging'), but these are used to describe specific actions (destroying records) or are quotes, which fits within the bounds of a critical editorial without clearly crossing into propaganda."",
      ""paragraphIndex"": 1
    },
    {
      ""category"": ""Inflammatory Language"",
      ""subcategory"": ""name-calling"",
      ""text"": ""Becerra's obvious bias toward the police groups"",
      ""openFeedback"": ""The author uses the loaded label 'obvious bias' to discredit Attorney General Xavier Becerra, framing him as prejudiced without substantiating the claim in this specific context."",
      ""paragraphIndex"": 2
    },
    {
      ""category"": ""No Polarizing language"",
      ""subcategory"": ""no polarizing language"",
      ""text"": ""no polarizing language selected"",
      ""openFeedback"": ""The paragraph uses rhetorical language ('thwart the law') but remains within standard argumentative bounds for an editorial."",
      ""paragraphIndex"": 3
    }
  ]
}","{
  ""annotations"": [
    {
      ""text"": ""many police departments believe that compliance with the law is optional"",
      ""category"": ""Persuasive Propaganda"",
      ""subcategory"": ""Causal Oversimplification"",
      ""paragraphIndex"": 0
    },
    {
      ""text"": ""So many police departments are resisting compliance"",
      ""category"": ""Persuasive Propaganda"",
      ""subcategory"": ""Causal Oversimplification"",
      ""paragraphIndex"": 0
    },
    {
      ""text"": ""This is lawless conduct, and it's depriving the public from the right to know"",
      ""category"": ""Inflammatory Language"",
      ""subcategory"": ""Demonization"",
      ""paragraphIndex"": 0
    },
    {
      ""text"": ""claimed that the law did not apply to records dated before 2019"",
      ""category"": ""No Polarizing language"",
      ""subcategory"": ""no polarizing language"",
      ""paragraphIndex"": 1
    },
    {
      ""text"": ""this fight isn't going away anytime soon"",
      ""category"": ""Persuasive Propaganda"",
      ""subcategory"": ""Exaggeration"",
      ""paragraphIndex"": 1
    },
    {
      ""text"": ""Becerra's obvious bias toward the police groups could prove an obstacle"",
      ""category"": ""Persuasive Propaganda"",
      ""subcategory"": ""Doubt"",
      ""paragraphIndex"": 1
    },
    {
      ""text"": ""But doing nothing is not an acceptable option"",
      ""category"": ""Persuasive Propaganda"",
      ""subcategory"": ""Slogans"",
      ""paragraphIndex"": 2
    },
    {
      ""text"": ""No one least of all the agencies that have sworn to protect and serve the public should be allowed to thwart the law"",
      ""category"": ""Persuasive Propaganda"",
      ""subcategory"": ""Bandwagon"",
      ""paragraphIndex"": 2
    }
  ]
}","{""title"": ""editorial: six months after california's landmark police transparency law, many agencies still won't release their records"", ""topic"": ""crime"", ""source"": ""USA TODAY"", ""rating"": ""center"", ""annotations"": [{""category"": ""Persuasive Propaganda"", ""subcategory"": ""casual oversimplification"", ""text"": ""many police departments believe that compliance with the law is optional"", ""openFeedback"": ""Auto-filled: Persuasive Propaganda / casual oversimplification"", ""paragraphIndex"": 0}, {""category"": ""Persuasive Propaganda"", ""subcategory"": ""exaggeration"", ""text"": ""many police departments believe that compliance with the law is optional"", ""openFeedback"": ""The author exaggerates the legal resistance or administrative delays of police departments by framing it as a belief that they are above the law."", ""paragraphIndex"": 0}, {""category"": ""Persuasive Propaganda"", ""subcategory"": ""exaggeration"", ""text"": ""So many police departments are resisting compliance"", ""openFeedback"": ""Auto-filled: Persuasive Propaganda / exaggeration"", ""paragraphIndex"": 0}, {""category"": ""Persuasive Propaganda"", ""subcategory"": ""casual oversimplification"", ""text"": ""So many police departments are resisting compliance"", ""openFeedback"": ""Auto-filled: Persuasive Propaganda / casual oversimplification"", ""paragraphIndex"": 0}, {""category"": ""Inflammatory Language"", ""subcategory"": ""demonization"", ""text"": ""This is lawless conduct, and it's depriving the public from the right to know"", ""openFeedback"": ""Auto-filled: Inflammatory Language / demonization"", ""paragraphIndex"": 1}, {""category"": ""No Polarizing language"", ""subcategory"": ""no polarizing language"", ""text"": ""no polarizing language selected"", ""openFeedback"": ""Auto-filled: No Polarizing language / no polarizing language"", ""paragraphIndex"": 1}, {""category"": ""Persuasive Propaganda"", ""subcategory"": ""exaggeration"", ""text"": ""this fight isn't going away anytime soon"", ""openFeedback"": ""Auto-filled: Persuasive Propaganda / exaggeration"", ""paragraphIndex"": 2}, {""category"": ""Persuasive Propaganda"", ""subcategory"": ""doubt"", ""text"": ""Becerra's obvious bias toward the police groups could prove an obstacle"", ""openFeedback"": ""Auto-filled: Persuasive Propaganda / doubt"", ""paragraphIndex"": 2}, {""category"": ""Inflammatory Language"", ""subcategory"": ""name-calling"", ""text"": ""Becerra's obvious bias toward the police groups"", ""openFeedback"": ""The author uses the loaded label 'obvious bias' to discredit Attorney General Xavier Becerra, framing him as prejudiced without substantiating the claim in this specific context."", ""paragraphIndex"": 2}, {""category"": ""Persuasive Propaganda"", ""subcategory"": ""slogans"", ""text"": ""But doing nothing is not an acceptable option"", ""openFeedback"": ""Auto-filled: Persuasive Propaganda / slogans"", ""paragraphIndex"": 3}, {""category"": ""Persuasive Propaganda"", ""subcategory"": ""casual oversimplification"", ""text"": ""No one least of all the agencies that have sworn to protect and serve the public should be allowed to thwart the law"", ""openFeedback"": ""Auto-filled: Persuasive Propaganda / casual oversimplification"", ""paragraphIndex"": 3}, {""category"": ""Persuasive Propaganda"", ""subcategory"": ""bandwagon"", ""text"": ""No one least of all the agencies that have sworn to protect and serve the public should be allowed to thwart the law"", ""openFeedback"": ""Auto-filled: Persuasive Propaganda / bandwagon"", ""paragraphIndex"": 3}, {""category"": ""No Polarizing language"", ""subcategory"": ""no polarizing language"", ""text"": ""no polarizing language selected"", ""openFeedback"": ""The paragraph uses rhetorical language ('thwart the law') but remains within standard argumentative bounds for an editorial."", ""paragraphIndex"": 3}]}"
11,BuzzFeed Journalists Protest in Push for Union Recognition,politics,Bloomberg,center,"{
  ""annotations"": [
    {
      ""text"": ""no polarizing language selected"",
      ""category"": ""No Polarizing language"",
      ""subcategory"": ""no polarizing language"",
      ""paragraphIndex"": 0
    },
    {
      ""text"": ""Recognize the BuzzFeed Union!!"",
      ""category"": ""Persuasive Propaganda"",
      ""subcategory"": ""Slogans"",
      ""paragraphIndex"": 1
    },
    {
      ""text"": ""no polarizing language selected"",
      ""category"": ""No Polarizing language"",
      ""subcategory"": ""no polarizing language"",
      ""paragraphIndex"": 2
    },
    {
      ""text"": ""BuzzFeed has attempted to exclude workers they claim are managerial, supervisory or confidential"",
      ""category"": ""Persuasive Propaganda"",
      ""subcategory"": ""Exaggeration"",
      ""paragraphIndex"": 3
    },
    {
      ""text"": ""no polarizing language selected"",
      ""category"": ""No Polarizing language"",
      ""subcategory"": ""no polarizing language"",
      ""paragraphIndex"": 4
    },
    {
      ""text"": ""We have legitimate grievances about unfair pay disparities, mismanaged pivots and layoffs, weak benefits, skyrocketing health insurance costs"",
      ""category"": ""Persuasive Propaganda"",
      ""subcategory"": ""Exaggeration"",
      ""paragraphIndex"": 5
    },
    {
      ""text"": ""seeking to impose additional demands that threaten our progress around voluntary recognition"",
      ""category"": ""Persuasive Propaganda"",
      ""subcategory"": ""Exaggeration"",
      ""paragraphIndex"": 6
    },
    {
      ""text"": ""no polarizing language selected"",
      ""category"": ""No Polarizing language"",
      ""subcategory"": ""no polarizing language"",
      ""paragraphIndex"": 7
    },
    {
      ""text"": ""once the darlings of the media industry"",
      ""category"": ""Persuasive Propaganda"",
      ""subcategory"": ""Exaggeration"",
      ""paragraphIndex"": 8
    },
    {
      ""text"": ""no polarizing language selected"",
      ""category"": ""No Polarizing language"",
      ""subcategory"": ""no polarizing language"",
      ""paragraphIndex"": 9
    },
    {
      ""text"": ""no polarizing language selected"",
      ""category"": ""No Polarizing language"",
      ""subcategory"": ""no polarizing language"",
      ""paragraphIndex"": 10
    },
    {
      ""text"": ""no polarizing language selected"",
      ""category"": ""No Polarizing language"",
      ""subcategory"": ""no polarizing language"",
      ""paragraphIndex"": 11
    }
  ]
}","{
  ""title"": ""BuzzFeed Journalists Protest in Push for Union Recognition"",
  ""topic"": ""politics"",
  ""source"": ""Bloomberg"",
  ""rating"": ""center"",
  ""annotations"": [
    {
      ""category"": ""No Polarizing language"",
      ""subcategory"": ""no polarizing language"",
      ""text"": ""no polarizing language selected"",
      ""openFeedback"": ""The paragraph neutrally reports on the walkout, citing the reasons given by employees and describing the scene without using inflammatory language or adopting a persuasive tone."",
      ""paragraphIndex"": 0
    },
    {
      ""category"": ""No Polarizing language"",
      ""subcategory"": ""no polarizing language"",
      ""text"": ""no polarizing language selected"",
      ""openFeedback"": ""This section primarily consists of attributed quotes from the union and the CEO, presenting both sides of the dispute over the bargaining unit without adding editorial bias."",
      ""paragraphIndex"": 1
    },
    {
      ""category"": ""No Polarizing language"",
      ""subcategory"": ""no polarizing language"",
      ""text"": ""no polarizing language selected"",
      ""openFeedback"": ""The paragraph provides context regarding industry trends and layoffs using factual language, and reports on the management's proposal without using persuasive techniques."",
      ""paragraphIndex"": 2
    }
  ]
}","{
  ""annotations"": [
    {
      ""text"": ""no polarizing language selected"",
      ""category"": ""No Polarizing language"",
      ""subcategory"": ""no polarizing language"",
      ""paragraphIndex"": 0
    },
    {
      ""text"": ""no polarizing language selected"",
      ""category"": ""No Polarizing language"",
      ""subcategory"": ""no polarizing language"",
      ""paragraphIndex"": 1
    },
    {
      ""text"": ""no polarizing language selected"",
      ""category"": ""No Polarizing language"",
      ""subcategory"": ""no polarizing language"",
      ""paragraphIndex"": 2
    },
    {
      ""text"": ""no polarizing language selected"",
      ""category"": ""No Polarizing language"",
      ""subcategory"": ""no polarizing language"",
      ""paragraphIndex"": 3
    },
    {
      ""text"": ""no polarizing language selected"",
      ""category"": ""No Polarizing language"",
      ""subcategory"": ""no polarizing language"",
      ""paragraphIndex"": 4
    },
    {
      ""text"": ""no polarizing language selected"",
      ""category"": ""No Polarizing language"",
      ""subcategory"": ""no polarizing language"",
      ""paragraphIndex"": 5
    },
    {
      ""text"": ""no polarizing language selected"",
      ""category"": ""No Polarizing language"",
      ""subcategory"": ""no polarizing language"",
      ""paragraphIndex"": 6
    },
    {
      ""text"": ""no polarizing language selected"",
      ""category"": ""No Polarizing language"",
      ""subcategory"": ""no polarizing language"",
      ""paragraphIndex"": 7
    }
  ]
}","{""title"": ""BuzzFeed Journalists Protest in Push for Union Recognition"", ""topic"": ""politics"", ""source"": ""Bloomberg"", ""rating"": ""center"", ""annotations"": [{""category"": ""No Polarizing language"", ""subcategory"": ""no polarizing language"", ""text"": ""no polarizing language selected"", ""openFeedback"": ""The paragraph neutrally reports on the walkout, citing the reasons given by employees and describing the scene without using inflammatory language or adopting a persuasive tone."", ""paragraphIndex"": 0}, {""category"": ""No Polarizing language"", ""subcategory"": ""no polarizing language"", ""text"": ""no polarizing language selected"", ""openFeedback"": ""This section primarily consists of attributed quotes from the union and the CEO, presenting both sides of the dispute over the bargaining unit without adding editorial bias."", ""paragraphIndex"": 1}, {""category"": ""No Polarizing language"", ""subcategory"": ""no polarizing language"", ""text"": ""no polarizing language selected"", ""openFeedback"": ""The paragraph provides context regarding industry trends and layoffs using factual language, and reports on the management's proposal without using persuasive techniques."", ""paragraphIndex"": 2}]}"
12,DC mayor says Trump's Fourth of July celebration emptied security fund,politics,USA TODAY,center,"{
  ""annotations"": [
    {
      ""text"": ""AP Domestic Nation's capital holds its Independence Day Parade"",
      ""category"": ""No Polarizing language"",
      ""subcategory"": ""no polarizing language"",
      ""paragraphIndex"": 0
    },
    {
      ""text"": ""District of Columbia Mayor Muriel Bowser government says that the cost of President Donald Trump's Fourth of July celebration and the cost of addressing recent protests has emptied out a municipal fund used to provide security for public events and defend against terrorist threats"",
      ""category"": ""No Polarizing language"",
      ""subcategory"": ""no polarizing language"",
      ""paragraphIndex"": 1
    },
    {
      ""text"": ""In a letter to Trump dated July 9, Bowser says the city spent about $1.7 million on Trump's \""July 4th holiday activities and subsequent first amendment demonstrations,\"" as a result, the city's Emergency Planning and Security Fund (EPSF) will likely be empty before the end of the fiscal year"",
      ""category"": ""No Polarizing language"",
      ""subcategory"": ""no polarizing language"",
      ""paragraphIndex"": 2
    },
    {
      ""text"": ""Bowser asked for the Trump administration's help in covering D.C.'s security costs, citing \""declining reserves, increased demand for heightened security, and a one-time draw down of $7.3 million to cover security costs associated with the 2017 Presidential Inauguration.\"""",
      ""category"": ""No Polarizing language"",
      ""subcategory"": ""no polarizing language"",
      ""paragraphIndex"": 3
    },
    {
      ""text"": ""More: 'This says something': Thousands gather in Washington for Donald Trump's 4th of July celebration"",
      ""category"": ""No Polarizing language"",
      ""subcategory"": ""no polarizing language"",
      ""paragraphIndex"": 4
    },
    {
      ""text"": ""More: 'Are you proud to be an American?' Why Trump's 4th of July was a tale of three different celebrations"",
      ""category"": ""No Polarizing language"",
      ""subcategory"": ""no polarizing language"",
      ""paragraphIndex"": 5
    },
    {
      ""text"": ""More: 'Nothing America cannot do': Donald Trump touts U.S.\nmilitary strength in 4th of July speech"",
      ""category"": ""No Polarizing language"",
      ""subcategory"": ""no polarizing language"",
      ""paragraphIndex"": 6
    },
    {
      ""text"": ""\""This large, one-time cost has been compounded by Congress only appropriating approximately $13 million to the EPSF for the past few years (when our annual expenditures near $16.5 million), and some unplanned large events such as the state funeral for the late President George H.W. Bush,\"" Bowser added."",
      ""category"": ""No Polarizing language"",
      ""subcategory"": ""no polarizing language"",
      ""paragraphIndex"": 7
    },
    {
      ""text"": ""\""As we continue to gather estimates for the next Inauguration, we ask for your help with ensuring the residents of the District of Columbia are not asked to cover millions of dollars of federal expenses and are able to maintain our high standards of protection for federal events,\"" Bowser concluded."",
      ""category"": ""No Polarizing language"",
      ""subcategory"": ""no polarizing language"",
      ""paragraphIndex"": 8
    },
    {
      ""text"": ""Trump's Fourth of July speech marked a departure from tradition as it included tank displays, plane flyovers, fireworks, and a speech from the president."",
      ""category"": ""No Polarizing language"",
      ""subcategory"": ""no polarizing language"",
      ""paragraphIndex"": 9
    },
    {
      ""text"": ""Trump's critics had argued the speech threatened to politicize what had previously been a nonpartisan holiday tradition."",
      ""category"": ""Doubt"",
      ""subcategory"": ""Doubt"",
      ""paragraphIndex"": 10
    },
    {
      ""text"": ""Demonstrators brought along a \""Baby Trump\"" balloon and a \""Dump Trump\"" robot to protest the president."",
      ""category"": ""Name-Calling"",
      ""subcategory"": ""Name-Calling"",
      ""paragraphIndex"": 11
    },
    {
      ""text"": ""More: Flag burning in front of White House leads to scuffle amid 4th of July celebrations"",
      ""category"": ""No Polarizing language"",
      ""subcategory"": ""no polarizing language"",
      ""paragraphIndex"": 12
    },
    {
      ""text"": ""More: Far-right extremists Proud Boys outnumbered by counter-protesters at Washington, DC, rally"",
      ""category"": ""Name-Calling"",
      ""subcategory"": ""Name-Calling"",
      ""paragraphIndex"": 13
    },
    {
      ""text"": ""Some protests grew more heated."",
      ""category"": ""No Polarizing language"",
      ""subcategory"": ""no polarizing language"",
      ""paragraphIndex"": 14
    },
    {
      ""text"": ""A brief scuffle broke out outside the White House following a flag-burning protest on July 4, and dueling protests and counter-protests between the Proud Boys and Antifa and other counter-protesters took place on July 6."",
      ""category"": ""No Polarizing language"",
      ""subcategory"": ""no polarizing language"",
      ""paragraphIndex"": 15
    },
    {
      ""text"": ""More: Like what you're reading? Download the USA TODAY app for more"",
      ""category"": ""No Polarizing language"",
      ""subcategory"": ""no polarizing language"",
      ""paragraphIndex"": 16
    },
    {
      ""text"": ""This article originally appeared on USA TODAY: DC mayor says Trump's Fourth of July celebration emptied security fund"",
      ""category"": ""No Polarizing language"",
      ""subcategory"": ""no polarizing language"",
      ""paragraphIndex"": 17
    }
  ]
}","{
  ""title"": ""DC mayor says Trump's Fourth of July celebration emptied security fund"",
  ""topic"": ""politics"",
  ""source"": ""USA TODAY"",
  ""rating"": ""center"",
  ""annotations"": [
    {
      ""category"": ""No Polarizing language"",
      ""subcategory"": ""no polarizing language"",
      ""text"": ""no polarizing language selected"",
      ""openFeedback"": ""The paragraph provides a factual summary of the Mayor's claim regarding the security fund and event costs without using inflammatory language or propaganda."",
      ""paragraphIndex"": 0
    },
    {
      ""category"": ""No Polarizing language"",
      ""subcategory"": ""no polarizing language"",
      ""text"": ""no polarizing language selected"",
      ""openFeedback"": ""This paragraph reports on the content of a letter and specific financial figures objectively."",
      ""paragraphIndex"": 1
    },
    {
      ""category"": ""No Polarizing language"",
      ""subcategory"": ""no polarizing language"",
      ""text"": ""no polarizing language selected"",
      ""openFeedback"": ""The text quotes the Mayor's request and reasoning regarding security costs without editorializing."",
      ""paragraphIndex"": 2
    },
    {
      ""category"": ""No Polarizing language"",
      ""subcategory"": ""no polarizing language"",
      ""text"": ""no polarizing language selected"",
      ""openFeedback"": ""This paragraph consists of headlines for related articles. While one contains a quoted slogan ('Nothing America cannot do'), it is presented as a citation of a speech, not authorial propaganda."",
      ""paragraphIndex"": 3
    },
    {
      ""category"": ""No Polarizing language"",
      ""subcategory"": ""no polarizing language"",
      ""text"": ""no polarizing language selected"",
      ""openFeedback"": ""The paragraph contains a direct quote from the Mayor detailing budget appropriations and expenditures."",
      ""paragraphIndex"": 4
    },
    {
      ""category"": ""No Polarizing language"",
      ""subcategory"": ""no polarizing language"",
      ""text"": ""no polarizing language selected"",
      ""openFeedback"": ""This paragraph continues a direct quote from the Mayor regarding future inauguration costs."",
      ""paragraphIndex"": 5
    },
    {
      ""category"": ""No Polarizing language"",
      ""subcategory"": ""no polarizing language"",
      ""text"": ""no polarizing language selected"",
      ""openFeedback"": ""The paragraph describes the event details and protests. The mentions of 'Baby Trump' and 'Dump Trump' are factual descriptions of protest objects, not name-calling by the author."",
      ""paragraphIndex"": 6
    },
    {
      ""category"": ""No Polarizing language"",
      ""subcategory"": ""no polarizing language"",
      ""text"": ""no polarizing language selected"",
      ""openFeedback"": ""The paragraph lists headlines. The term 'Far-right extremists' applied to the Proud Boys is used here as a descriptive classification consistent with the source's reporting standards, rather than gratuitous name-calling."",
      ""paragraphIndex"": 7
    },
    {
      ""category"": ""No Polarizing language"",
      ""subcategory"": ""no polarizing language"",
      ""text"": ""no polarizing language selected"",
      ""openFeedback"": ""This paragraph factually reports on scuffles and protests without loaded language."",
      ""paragraphIndex"": 8
    },
    {
      ""category"": ""No Polarizing language"",
      ""subcategory"": ""no polarizing language"",
      ""text"": ""no polarizing language selected"",
      ""openFeedback"": ""Standard closing text and promotional links."",
      ""paragraphIndex"": 9
    }
  ]
}","{
  ""annotations"": [
    {
      ""text"": ""no polarizing language selected"",
      ""category"": ""No Polarizing language"",
      ""subcategory"": ""no polarizing language"",
      ""paragraphIndex"": 0
    },
    {
      ""text"": ""Trump's critics had argued the speech threatened to politicize what had previously been a nonpartisan holiday tradition"",
      ""category"": ""Persuasive Propaganda"",
      ""subcategory"": ""Exaggeration"",
      ""paragraphIndex"": 1
    },
    {
      ""text"": ""Far-right extremists Proud Boys"",
      ""category"": ""Inflammatory Language"",
      ""subcategory"": ""Name-Calling"",
      ""paragraphIndex"": 2
    },
    {
      ""text"": ""no polarizing language selected"",
      ""category"": ""No Polarizing language"",
      ""subcategory"": ""no polarizing language"",
      ""paragraphIndex"": 3
    }
  ]
}","{""title"": ""DC mayor says Trump's Fourth of July celebration emptied security fund"", ""topic"": ""politics"", ""source"": ""USA TODAY"", ""rating"": ""center"", ""annotations"": [{""category"": ""No Polarizing language"", ""subcategory"": ""no polarizing language"", ""text"": ""no polarizing language selected"", ""openFeedback"": ""Auto-filled: No Polarizing language / no polarizing language"", ""paragraphIndex"": 0}, {""category"": ""Persuasive Propaganda"", ""subcategory"": ""doubt"", ""text"": ""Trump's critics had argued the speech threatened to politicize what had previously been a nonpartisan holiday tradition."", ""openFeedback"": ""Auto-filled: Persuasive Propaganda / doubt"", ""paragraphIndex"": 1}, {""category"": ""Inflammatory Language"", ""subcategory"": ""name-calling"", ""text"": ""More: Far-right extremists Proud Boys outnumbered by counter-protesters at Washington, DC, rally"", ""openFeedback"": ""Auto-filled: Inflammatory Language / name-calling"", ""paragraphIndex"": 2}]}"
13,tutankhamun sculpture's london auction sparks egyptian outcry,health,Associated Press,center,"{
  ""annotations"": [
    {
      ""text"": ""no polarizing language selected"",
      ""category"": ""No Polarizing language"",
      ""subcategory"": ""no polarizing language"",
      ""paragraphIndex"": 0
    },
    {
      ""text"": ""no polarizing language selected"",
      ""category"": ""No Polarizing language"",
      ""subcategory"": ""no polarizing language"",
      ""paragraphIndex"": 1
    },
    {
      ""text"": ""The lavish find revived interest in ancient Egypt and set the stage for subsequent battles over ownership of cultural masterpieces unearthed in colonial times"",
      ""category"": ""Persuasive Propaganda"",
      ""subcategory"": ""Exaggeration"",
      ""paragraphIndex"": 2
    },
    {
      ""text"": ""no polarizing language selected"",
      ""category"": ""No Polarizing language"",
      ""subcategory"": ""no polarizing language"",
      ""paragraphIndex"": 3
    }
  ]
}","{
  ""title"": ""tutankhamun sculpture's london auction sparks egyptian outcry"",
  ""topic"": ""health"",
  ""source"": ""Associated Press"",
  ""rating"": ""center"",
  ""annotations"": [
    {
      ""category"": ""No Polarizing language"",
      ""subcategory"": ""no polarizing language"",
      ""text"": ""no polarizing language selected"",
      ""openFeedback"": ""The paragraph uses descriptive language (e.g., 'eternally-young', 'finely-chiselled') and reports facts about the auction and the diplomatic outcry without using inflammatory techniques."",
      ""paragraphIndex"": 0
    },
    {
      ""category"": ""No Polarizing language"",
      ""subcategory"": ""no polarizing language"",
      ""text"": ""no polarizing language selected"",
      ""openFeedback"": ""This paragraph reports accusations ('stolen', 'false information') made by a source (Zahi Hawass) and the defense by the auction house. The article attributes these claims neutrally rather than adopting them as the author's voice."",
      ""paragraphIndex"": 1
    },
    {
      ""category"": ""No Polarizing language"",
      ""subcategory"": ""no polarizing language"",
      ""text"": ""no polarizing language selected"",
      ""openFeedback"": ""The paragraph provides historical context and describes the dispute ('battles over ownership', 'wrangling') using standard journalistic terms without explicit propaganda or inflammatory language."",
      ""paragraphIndex"": 2
    },
    {
      ""category"": ""No Polarizing language"",
      ""subcategory"": ""no polarizing language"",
      ""text"": ""no polarizing language selected"",
      ""openFeedback"": ""The term 'strongman' describes the former president's authoritarian style but acts as a descriptive label in this context rather than a gratuitous attack. 'Swarming tourists' is a metaphor for large crowds causing damage, which is a descriptive claim rather than clear demonization."",
      ""paragraphIndex"": 3
    }
  ]
}","{
  ""annotations"": [
    {
      ""text"": ""no polarizing language selected"",
      ""category"": ""No Polarizing language"",
      ""subcategory"": ""no polarizing language"",
      ""paragraphIndex"": 0
    },
    {
      ""text"": ""appears to have been \""stolen\"" in the 1970s from the Karnak Temple complex"",
      ""category"": ""Persuasive Propaganda"",
      ""subcategory"": ""Doubt"",
      ""paragraphIndex"": 1
    },
    {
      ""text"": ""no polarizing language selected"",
      ""category"": ""No Polarizing language"",
      ""subcategory"": ""no polarizing language"",
      ""paragraphIndex"": 2
    },
    {
      ""text"": ""Egypt's own campaign to recover lost art gained momentum after numerous works went missing during the looting that accompanied former president Hosni Mubarak's fall from power in 2011."",
      ""category"": ""Persuasive Propaganda"",
      ""subcategory"": ""Causal Oversimplification"",
      ""paragraphIndex"": 3
    }
  ]
}","{""title"": ""tutankhamun sculpture's london auction sparks egyptian outcry"", ""topic"": ""health"", ""source"": ""Associated Press"", ""rating"": ""center"", ""annotations"": [{""category"": ""No Polarizing language"", ""subcategory"": ""no polarizing language"", ""text"": ""no polarizing language selected"", ""openFeedback"": ""The paragraph uses descriptive language (e.g., 'eternally-young', 'finely-chiselled') and reports facts about the auction and the diplomatic outcry without using inflammatory techniques."", ""paragraphIndex"": 0}, {""category"": ""No Polarizing language"", ""subcategory"": ""no polarizing language"", ""text"": ""no polarizing language selected"", ""openFeedback"": ""This paragraph reports accusations ('stolen', 'false information') made by a source (Zahi Hawass) and the defense by the auction house. The article attributes these claims neutrally rather than adopting them as the author's voice."", ""paragraphIndex"": 1}, {""category"": ""No Polarizing language"", ""subcategory"": ""no polarizing language"", ""text"": ""no polarizing language selected"", ""openFeedback"": ""The paragraph provides historical context and describes the dispute ('battles over ownership', 'wrangling') using standard journalistic terms without explicit propaganda or inflammatory language."", ""paragraphIndex"": 2}, {""category"": ""No Polarizing language"", ""subcategory"": ""no polarizing language"", ""text"": ""no polarizing language selected"", ""openFeedback"": ""The term 'strongman' describes the former president's authoritarian style but acts as a descriptive label in this context rather than a gratuitous attack. 'Swarming tourists' is a metaphor for large crowds causing damage, which is a descriptive claim rather than clear demonization."", ""paragraphIndex"": 3}]}"
14,meghan markle has been branded 'difficult' by tabloids. it's the same sexism that demonizes driven women in the workplace.,crime,Chicago Tribune,center,"{
  ""annotations"": [
    {
      ""text"": ""Disparaging a member of the royal family for having too many ideas or caring too much about charity work is ridiculous"",
      ""category"": ""Persuasive Propaganda"",
      ""subcategory"": ""Exaggeration"",
      ""paragraphIndex"": 0
    },
    {
      ""text"": ""It rings of the sexism that often demonizes driven women as \""abrasive\"" or \""bossy\"" while men are praised for being \""aggressive.\"""",
      ""category"": ""Inflammatory Language"",
      ""subcategory"": ""Demonization"",
      ""paragraphIndex"": 0
    },
    {
      ""text"": ""People love tearing down powerful women by dismissing them as difficult divas."",
      ""category"": ""Persuasive Propaganda"",
      ""subcategory"": ""Exaggeration"",
      ""paragraphIndex"": 0
    },
    {
      ""text"": ""no polarizing language selected"",
      ""category"": ""No Polarizing language"",
      ""subcategory"": ""no polarizing language"",
      ""paragraphIndex"": 1
    },
    {
      ""text"": ""volatile \"" wave of abuse and harassment \"" from members of the press and anonymous trolls"",
      ""category"": ""Persuasive Propaganda"",
      ""subcategory"": ""Exaggeration"",
      ""paragraphIndex"": 2
    },
    {
      ""text"": ""the \""outright sexism and racism\"" she faced"",
      ""category"": ""Inflammatory Language"",
      ""subcategory"": ""Demonization"",
      ""paragraphIndex"": 2
    },
    {
      ""text"": ""Disparaging Markle for having too many ideas or caring too much about charity work rings of the sexism that often demonizes driven women"",
      ""category"": ""Inflammatory Language"",
      ""subcategory"": ""Demonization"",
      ""paragraphIndex"": 3
    },
    {
      ""text"": ""All of Markle's supposed transgressions - waking up early, sending ideas and delegating tasks to her staff, holding meetings with potential partners - sound like a woman with ambition."",
      ""category"": ""Persuasive Propaganda"",
      ""subcategory"": ""Causal Oversimplification"",
      ""paragraphIndex"": 4
    },
    {
      ""text"": ""What's truly \""difficult\"" is why people feel the need to ridicule her for it."",
      ""category"": ""Persuasive Propaganda"",
      ""subcategory"": ""Exaggeration"",
      ""paragraphIndex"": 4
    },
    {
      ""text"": ""no polarizing language selected"",
      ""category"": ""No Polarizing language"",
      ""subcategory"": ""no polarizing language"",
      ""paragraphIndex"": 5
    }
  ]
}","{
  ""title"": ""meghan markle has been branded 'difficult' by tabloids. it's the same sexism that demonizes driven women in the workplace."",
  ""topic"": ""crime"",
  ""source"": ""Chicago Tribune"",
  ""rating"": ""center"",
  ""annotations"": [
    {
      ""category"": ""Persuasive Propaganda"",
      ""subcategory"": ""exaggeration"",
      ""text"": ""People love tearing down powerful women by dismissing them as difficult divas."",
      ""openFeedback"": ""The author makes a sweeping generalization about 'people' loving to tear down women, which exaggerates the motivation behind the criticism."",
      ""paragraphIndex"": 0
    },
    {
      ""category"": ""No Polarizing language"",
      ""subcategory"": ""no polarizing language"",
      ""text"": ""no polarizing language selected"",
      ""openFeedback"": ""The paragraph reports on nicknames used by others but does not adopt them or use inflammatory language itself."",
      ""paragraphIndex"": 1
    },
    {
      ""category"": ""No Polarizing language"",
      ""subcategory"": ""no polarizing language"",
      ""text"": ""no polarizing language selected"",
      ""openFeedback"": ""The paragraph reports on statements made by a biographer and factual descriptions of Markle's role and style."",
      ""paragraphIndex"": 2
    },
    {
      ""category"": ""No Polarizing language"",
      ""subcategory"": ""no polarizing language"",
      ""text"": ""no polarizing language selected"",
      ""openFeedback"": ""The paragraph describes past events and quotes an official statement regarding harassment."",
      ""paragraphIndex"": 3
    },
    {
      ""category"": ""Persuasive Propaganda"",
      ""subcategory"": ""causal oversimplification"",
      ""text"": ""Disparaging Markle for having too many ideas or caring too much about charity work rings of the sexism"",
      ""openFeedback"": ""The author simplifies the cause of the criticism to 'having too many ideas' or 'caring too much', ignoring the specific behavioral allegations (like 'bombarding' staff) mentioned earlier, to frame the issue solely as sexism."",
      ""paragraphIndex"": 4
    },
    {
      ""category"": ""No Polarizing language"",
      ""subcategory"": ""no polarizing language"",
      ""text"": ""no polarizing language selected"",
      ""openFeedback"": ""The paragraph cites studies regarding gender stereotypes and leadership styles."",
      ""paragraphIndex"": 5
    },
    {
      ""category"": ""Persuasive Propaganda"",
      ""subcategory"": ""causal oversimplification"",
      ""text"": ""All of Markle's supposed transgressions - waking up early, sending ideas and delegating tasks to her staff, holding meetings with potential partners - sound like a woman with ambition."",
      ""openFeedback"": ""The author cherry-picks positive or neutral aspects of the allegations (waking up early, sending ideas) while omitting the negative aspects (bombarding, frequency, timing) to dismiss the criticism as merely a misunderstanding of 'ambition'."",
      ""paragraphIndex"": 6
    }
  ]
}","{
  ""annotations"": [
    {
      ""text"": ""Disparaging a member of the royal family for having too many ideas or caring too much about charity work is ridiculous"",
      ""category"": ""Persuasive Propaganda"",
      ""subcategory"": ""Exaggeration"",
      ""paragraphIndex"": 0
    },
    {
      ""text"": ""It rings of the sexism that often demonizes driven women as \""abrasive\"" or \""bossy\"" while men are praised for being \""aggressive.\"""",
      ""category"": ""Inflammatory Language"",
      ""subcategory"": ""Demonization"",
      ""paragraphIndex"": 0
    },
    {
      ""text"": ""People love tearing down powerful women by dismissing them as difficult divas."",
      ""category"": ""Persuasive Propaganda"",
      ""subcategory"": ""Exaggeration"",
      ""paragraphIndex"": 0
    },
    {
      ""text"": ""no polarizing language selected"",
      ""category"": ""No Polarizing language"",
      ""subcategory"": ""no polarizing language"",
      ""paragraphIndex"": 1
    },
    {
      ""text"": ""volatile \"" wave of abuse and harassment \"" from members of the press and anonymous trolls"",
      ""category"": ""Persuasive Propaganda"",
      ""subcategory"": ""Exaggeration"",
      ""paragraphIndex"": 2
    },
    {
      ""text"": ""condemning the \""outright sexism and racism\"" she faced"",
      ""category"": ""Inflammatory Language"",
      ""subcategory"": ""Demonization"",
      ""paragraphIndex"": 2
    },
    {
      ""text"": ""Disparaging Markle for having too many ideas or caring too much about charity work rings of the sexism that often demonizes driven women"",
      ""category"": ""Inflammatory Language"",
      ""subcategory"": ""Demonization"",
      ""paragraphIndex"": 2
    },
    {
      ""text"": ""no polarizing language selected"",
      ""category"": ""No Polarizing language"",
      ""subcategory"": ""no polarizing language"",
      ""paragraphIndex"": 3
    },
    {
      ""text"": ""All of Markle's supposed transgressions - waking up early, sending ideas and delegating tasks to her staff, holding meetings with potential partners - sound like a woman with ambition. What's truly \""difficult\"" is why people feel the need to ridicule her for it."",
      ""category"": ""Persuasive Propaganda"",
      ""subcategory"": ""Exaggeration"",
      ""paragraphIndex"": 4
    },
    {
      ""text"": ""no polarizing language selected"",
      ""category"": ""No Polarizing language"",
      ""subcategory"": ""no polarizing language"",
      ""paragraphIndex"": 5
    }
  ]
}","{""title"": ""meghan markle has been branded 'difficult' by tabloids. it's the same sexism that demonizes driven women in the workplace."", ""topic"": ""crime"", ""source"": ""Chicago Tribune"", ""rating"": ""center"", ""annotations"": [{""category"": ""Persuasive Propaganda"", ""subcategory"": ""exaggeration"", ""text"": ""Disparaging a member of the royal family for having too many ideas or caring too much about charity work is ridiculous"", ""openFeedback"": ""Auto-filled: Persuasive Propaganda / exaggeration"", ""paragraphIndex"": 0}, {""category"": ""Inflammatory Language"", ""subcategory"": ""demonization"", ""text"": ""It rings of the sexism that often demonizes driven women as \""abrasive\"" or \""bossy\"" while men are praised for being \""aggressive.\"""", ""openFeedback"": ""Auto-filled: Inflammatory Language / demonization"", ""paragraphIndex"": 0}, {""category"": ""Persuasive Propaganda"", ""subcategory"": ""exaggeration"", ""text"": ""People love tearing down powerful women by dismissing them as difficult divas."", ""openFeedback"": ""The author makes a sweeping generalization about 'people' loving to tear down women, which exaggerates the motivation behind the criticism."", ""paragraphIndex"": 0}, {""category"": ""Persuasive Propaganda"", ""subcategory"": ""exaggeration"", ""text"": ""volatile \"" wave of abuse and harassment \"" from members of the press and anonymous trolls"", ""openFeedback"": ""Auto-filled: Persuasive Propaganda / exaggeration"", ""paragraphIndex"": 0}, {""category"": ""Inflammatory Language"", ""subcategory"": ""demonization"", ""text"": ""the \""outright sexism and racism\"" she faced"", ""openFeedback"": ""Auto-filled: Inflammatory Language / demonization"", ""paragraphIndex"": 0}, {""category"": ""Inflammatory Language"", ""subcategory"": ""demonization"", ""text"": ""condemning the \""outright sexism and racism\"" she faced"", ""openFeedback"": ""Auto-filled: Inflammatory Language / demonization"", ""paragraphIndex"": 0}, {""category"": ""Inflammatory Language"", ""subcategory"": ""demonization"", ""text"": ""Disparaging Markle for having too many ideas or caring too much about charity work rings of the sexism that often demonizes driven women"", ""openFeedback"": ""Auto-filled: Inflammatory Language / demonization"", ""paragraphIndex"": 0}, {""category"": ""Persuasive Propaganda"", ""subcategory"": ""casual oversimplification"", ""text"": ""Disparaging Markle for having too many ideas or caring too much about charity work rings of the sexism"", ""openFeedback"": ""The author simplifies the cause of the criticism to 'having too many ideas' or 'caring too much', ignoring the specific behavioral allegations (like 'bombarding' staff) mentioned earlier, to frame the issue solely as sexism."", ""paragraphIndex"": 0}, {""category"": ""Persuasive Propaganda"", ""subcategory"": ""casual oversimplification"", ""text"": ""All of Markle's supposed transgressions - waking up early, sending ideas and delegating tasks to her staff, holding meetings with potential partners - sound like a woman with ambition."", ""openFeedback"": ""The author cherry-picks positive or neutral aspects of the allegations (waking up early, sending ideas) while omitting the negative aspects (bombarding, frequency, timing) to dismiss the criticism as merely a misunderstanding of 'ambition'."", ""paragraphIndex"": 0}, {""category"": ""Persuasive Propaganda"", ""subcategory"": ""exaggeration"", ""text"": ""All of Markle's supposed transgressions - waking up early, sending ideas and delegating tasks to her staff, holding meetings with potential partners - sound like a woman with ambition. What's truly \""difficult\"" is why people feel the need to ridicule her for it."", ""openFeedback"": ""Auto-filled: Persuasive Propaganda / exaggeration"", ""paragraphIndex"": 0}, {""category"": ""No Polarizing language"", ""subcategory"": ""no polarizing language"", ""text"": ""no polarizing language selected"", ""openFeedback"": ""The paragraph reports on nicknames used by others but does not adopt them or use inflammatory language itself."", ""paragraphIndex"": 0}, {""category"": ""No Polarizing language"", ""subcategory"": ""no polarizing language"", ""text"": ""no polarizing language selected"", ""openFeedback"": ""The paragraph reports on statements made by a biographer and factual descriptions of Markle's role and style."", ""paragraphIndex"": 0}, {""category"": ""No Polarizing language"", ""subcategory"": ""no polarizing language"", ""text"": ""no polarizing language selected"", ""openFeedback"": ""The paragraph describes past events and quotes an official statement regarding harassment."", ""paragraphIndex"": 0}, {""category"": ""No Polarizing language"", ""subcategory"": ""no polarizing language"", ""text"": ""no polarizing language selected"", ""openFeedback"": ""The paragraph cites studies regarding gender stereotypes and leadership styles."", ""paragraphIndex"": 0}]}"
15,Biden criticizes Amazon for paying $0 in corporate taxes,politics,The Hill,center,"{
  ""annotations"": [
    {
      ""text"": ""slam one of the most profitable companies"",
      ""category"": ""Persuasive Propaganda"",
      ""subcategory"": ""Exaggeration"",
      ""paragraphIndex"": 0
    },
    {
      ""text"": ""no company pulling in billions of dollars of profits should pay a lower tax rate than firefighters and teachers"",
      ""category"": ""Persuasive Propaganda"",
      ""subcategory"": ""Causal Oversimplification"",
      ""paragraphIndex"": 0
    },
    {
      ""text"": ""We need to reward work, not just wealth"",
      ""category"": ""Persuasive Propaganda"",
      ""subcategory"": ""Slogans"",
      ""paragraphIndex"": 0
    },
    {
      ""text"": ""no polarizing language selected"",
      ""category"": ""No Polarizing language"",
      ""subcategory"": ""no polarizing language"",
      ""paragraphIndex"": 1
    },
    {
      ""text"": ""furious backlash in Washington against the country's top tech giants"",
      ""category"": ""Persuasive Propaganda"",
      ""subcategory"": ""Exaggeration"",
      ""paragraphIndex"": 2
    },
    {
      ""text"": ""wielding its corporate power to the detriment of other companies and workers"",
      ""category"": ""Persuasive Propaganda"",
      ""subcategory"": ""Causal Oversimplification"",
      ""paragraphIndex"": 2
    },
    {
      ""text"": ""Amazon crushes small companies by copying the goods they sell"",
      ""category"": ""Persuasive Propaganda"",
      ""subcategory"": ""Exaggeration"",
      ""paragraphIndex"": 2
    },
    {
      ""text"": ""crushes small companies by copying the goods they sell on the Amazon Marketplace and then selling its own branded version"",
      ""category"": ""Persuasive Propaganda"",
      ""subcategory"": ""Causal Oversimplification"",
      ""paragraphIndex"": 2
    },
    {
      ""text"": ""taken Amazon to task over its working conditions"",
      ""category"": ""Persuasive Propaganda"",
      ""subcategory"": ""Exaggeration"",
      ""paragraphIndex"": 2
    },
    {
      ""text"": ""drawn the ire of President Trump"",
      ""category"": ""Persuasive Propaganda"",
      ""subcategory"": ""Exaggeration"",
      ""paragraphIndex"": 2
    },
    {
      ""text"": ""insulted CEO Jeff Bezos"",
      ""category"": ""Inflammatory Language"",
      ""subcategory"": ""Name-Calling"",
      ""paragraphIndex"": 2
    },
    {
      ""text"": ""no polarizing language selected"",
      ""category"": ""No Polarizing language"",
      ""subcategory"": ""no polarizing language"",
      ""paragraphIndex"": 3
    }
  ]
}","{
  ""title"": ""Biden criticizes Amazon for paying $0 in corporate taxes"",
  ""topic"": ""politics"",
  ""source"": ""The Hill"",
  ""rating"": ""center"",
  ""annotations"": [
    {
      ""category"": ""Persuasive Propaganda"",
      ""subcategory"": ""slogans"",
      ""text"": ""We need to reward work, not just wealth."",
      ""openFeedback"": ""This phrase is a political slogan used to simplify the candidate's economic platform into a catchy, memorable sentiment."",
      ""paragraphIndex"": 0
    },
    {
      ""category"": ""No Polarizing language"",
      ""subcategory"": ""no polarizing language"",
      ""text"": ""no polarizing language selected"",
      ""openFeedback"": ""The paragraph reports on allegations and company responses regarding labor conditions without using explicit inflammatory language in the narrative voice."",
      ""paragraphIndex"": 1
    },
    {
      ""category"": ""No Polarizing language"",
      ""subcategory"": ""no polarizing language"",
      ""text"": ""no polarizing language selected"",
      ""openFeedback"": ""While the paragraph contains strong criticism from politicians (e.g., 'crushes small companies'), it is attributed policy rhetoric rather than explicit inflammatory propaganda by the author."",
      ""paragraphIndex"": 2
    },
    {
      ""category"": ""Inflammatory Language"",
      ""subcategory"": ""demonization"",
      ""text"": ""colluding with Democrats to \""discriminate\"" against him"",
      ""openFeedback"": ""The quoted accusation frames the entity as engaging in a corrupt conspiracy to target the speaker, portraying them as a malicious actor."",
      ""paragraphIndex"": 3
    }
  ]
}","{
  ""annotations"": [
    {
      ""text"": ""no company pulling in billions of dollars of profits should pay a lower tax rate than firefighters and teachers"",
      ""category"": ""Persuasive Propaganda"",
      ""subcategory"": ""Causal Oversimplification"",
      ""paragraphIndex"": 0
    },
    {
      ""text"": ""We need to reward work, not just wealth"",
      ""category"": ""Persuasive Propaganda"",
      ""subcategory"": ""Slogans"",
      ""paragraphIndex"": 0
    },
    {
      ""text"": ""no polarizing language selected"",
      ""category"": ""No Polarizing language"",
      ""subcategory"": ""no polarizing language"",
      ""paragraphIndex"": 1
    },
    {
      ""text"": ""furious backlash in Washington against the country's top tech giants"",
      ""category"": ""Persuasive Propaganda"",
      ""subcategory"": ""Exaggeration"",
      ""paragraphIndex"": 2
    },
    {
      ""text"": ""wielding its corporate power to the detriment of other companies and workers"",
      ""category"": ""Persuasive Propaganda"",
      ""subcategory"": ""Causal Oversimplification"",
      ""paragraphIndex"": 2
    },
    {
      ""text"": ""Amazon crushes small companies by copying the goods they sell"",
      ""category"": ""Persuasive Propaganda"",
      ""subcategory"": ""Exaggeration"",
      ""paragraphIndex"": 2
    },
    {
      ""text"": ""taken Amazon to task over its working conditions, among other things"",
      ""category"": ""Persuasive Propaganda"",
      ""subcategory"": ""Causal Oversimplification"",
      ""paragraphIndex"": 2
    },
    {
      ""text"": ""insulted CEO Jeff Bezos"",
      ""category"": ""Inflammatory Language"",
      ""subcategory"": ""Name-Calling"",
      ""paragraphIndex"": 2
    },
    {
      ""text"": ""accused Amazon of colluding with Democrats to \""discriminate\"" against him"",
      ""category"": ""Persuasive Propaganda"",
      ""subcategory"": ""Exaggeration"",
      ""paragraphIndex"": 3
    }
  ]
}","{""title"": ""Biden criticizes Amazon for paying $0 in corporate taxes"", ""topic"": ""politics"", ""source"": ""The Hill"", ""rating"": ""center"", ""annotations"": [{""category"": ""Persuasive Propaganda"", ""subcategory"": ""slogans"", ""text"": ""We need to reward work, not just wealth"", ""openFeedback"": ""Auto-filled: Persuasive Propaganda / slogans"", ""paragraphIndex"": 0}, {""category"": ""Persuasive Propaganda"", ""subcategory"": ""casual oversimplification"", ""text"": ""no company pulling in billions of dollars of profits should pay a lower tax rate than firefighters and teachers"", ""openFeedback"": ""Auto-filled: Persuasive Propaganda / casual oversimplification"", ""paragraphIndex"": 0}, {""category"": ""No Polarizing language"", ""subcategory"": ""no polarizing language"", ""text"": ""no polarizing language selected"", ""openFeedback"": ""Auto-filled: No Polarizing language / no polarizing language"", ""paragraphIndex"": 1}, {""category"": ""Persuasive Propaganda"", ""subcategory"": ""exaggeration"", ""text"": ""furious backlash in Washington against the country's top tech giants"", ""openFeedback"": ""Auto-filled: Persuasive Propaganda / exaggeration"", ""paragraphIndex"": 2}, {""category"": ""Persuasive Propaganda"", ""subcategory"": ""casual oversimplification"", ""text"": ""wielding its corporate power to the detriment of other companies and workers"", ""openFeedback"": ""Auto-filled: Persuasive Propaganda / casual oversimplification"", ""paragraphIndex"": 2}, {""category"": ""Persuasive Propaganda"", ""subcategory"": ""exaggeration"", ""text"": ""Amazon crushes small companies by copying the goods they sell"", ""openFeedback"": ""Auto-filled: Persuasive Propaganda / exaggeration"", ""paragraphIndex"": 2}, {""category"": ""Inflammatory Language"", ""subcategory"": ""name-calling"", ""text"": ""insulted CEO Jeff Bezos"", ""openFeedback"": ""Auto-filled: Inflammatory Language / name-calling"", ""paragraphIndex"": 2}, {""category"": ""Inflammatory Language"", ""subcategory"": ""demonization"", ""text"": ""colluding with Democrats to \""discriminate\"" against him"", ""openFeedback"": ""The quoted accusation frames the entity as engaging in a corrupt conspiracy to target the speaker, portraying them as a malicious actor."", ""paragraphIndex"": 3}]}"
16,trump vows to cure cancer and eradicate aids,legal arguments,USA TODAY,center,"{
  ""annotations"": [
    {
      ""text"": ""he made sweeping promises to tackle two of mankind's most dreaded diseases"",
      ""category"": ""Persuasive Propaganda"",
      ""subcategory"": ""Exaggeration"",
      ""paragraphIndex"": 0
    },
    {
      ""text"": ""no polarizing language selected"",
      ""category"": ""No Polarizing language"",
      ""subcategory"": ""no polarizing language"",
      ""paragraphIndex"": 1
    },
    {
      ""text"": ""he vowed to eradicate AIDS by 2030"",
      ""category"": ""Persuasive Propaganda"",
      ""subcategory"": ""Exaggeration"",
      ""paragraphIndex"": 2
    },
    {
      ""text"": ""We will eradicate AIDS in America once and for all and we are really close"",
      ""category"": ""Persuasive Propaganda"",
      ""subcategory"": ""Exaggeration"",
      ""paragraphIndex"": 3
    },
    {
      ""text"": ""the president's big promises, which also included a vow to send astronauts to Mars"",
      ""category"": ""Persuasive Propaganda"",
      ""subcategory"": ""Exaggeration"",
      ""paragraphIndex"": 4
    },
    {
      ""text"": ""We will lay the foundation for landing American astronauts on the surface of Mars"",
      ""category"": ""Persuasive Propaganda"",
      ""subcategory"": ""Exaggeration"",
      ""paragraphIndex"": 5
    }
  ]
}","{
  ""title"": ""trump vows to cure cancer and eradicate aids"",
  ""topic"": ""legal arguments"",
  ""source"": ""USA TODAY"",
  ""rating"": ""center"",
  ""annotations"": [
    {
      ""category"": ""No Polarizing language"",
      ""subcategory"": ""no polarizing language"",
      ""text"": ""no polarizing language selected"",
      ""openFeedback"": ""The paragraph reports on the campaign promises factually without adopting inflammatory language or propaganda techniques. Quotes are attributed clearly."",
      ""paragraphIndex"": 0
    },
    {
      ""category"": ""No Polarizing language"",
      ""subcategory"": ""no polarizing language"",
      ""text"": ""no polarizing language selected"",
      ""openFeedback"": ""While the paragraph contains quotes with rhetorical questions and mentions critical viewpoints regarding budget allocations, the reporting itself remains neutral and balanced."",
      ""paragraphIndex"": 1
    },
    {
      ""category"": ""No Polarizing language"",
      ""subcategory"": ""no polarizing language"",
      ""text"": ""no polarizing language selected"",
      ""openFeedback"": ""The paragraph reports on budget details and skepticism ('observers couldn't help but wonder') regarding the feasibility of the promises, which serves as context rather than manipulative propaganda."",
      ""paragraphIndex"": 2
    },
    {
      ""category"": ""No Polarizing language"",
      ""subcategory"": ""no polarizing language"",
      ""text"": ""no polarizing language selected"",
      ""openFeedback"": ""The paragraph reports on the promise to land on Mars and the Space Force proposal factually."",
      ""paragraphIndex"": 3
    }
  ]
}","{
  ""annotations"": [
    {
      ""text"": ""no polarizing language selected"",
      ""category"": ""No Polarizing language"",
      ""subcategory"": ""no polarizing language"",
      ""paragraphIndex"": 0
    },
    {
      ""text"": ""mocked Democratic presidential candidate and former Vice President Joe Biden"",
      ""category"": ""Inflammatory Language"",
      ""subcategory"": ""Name-Calling"",
      ""paragraphIndex"": 1
    },
    {
      ""text"": ""Wow, why the hell didn't you do that over the last 50 years, Joe?"",
      ""category"": ""Inflammatory Language"",
      ""subcategory"": ""Name-Calling"",
      ""paragraphIndex"": 2
    },
    {
      ""text"": ""no polarizing language selected"",
      ""category"": ""No Polarizing language"",
      ""subcategory"": ""no polarizing language"",
      ""paragraphIndex"": 3
    },
    {
      ""text"": ""the president's big promises"",
      ""category"": ""Persuasive Propaganda"",
      ""subcategory"": ""Exaggeration"",
      ""paragraphIndex"": 4
    },
    {
      ""text"": ""no polarizing language selected"",
      ""category"": ""No Polarizing language"",
      ""subcategory"": ""no polarizing language"",
      ""paragraphIndex"": 5
    }
  ]
}","{""title"": ""trump vows to cure cancer and eradicate aids"", ""topic"": ""legal arguments"", ""source"": ""USA TODAY"", ""rating"": ""center"", ""annotations"": [{""category"": ""No Polarizing language"", ""subcategory"": ""no polarizing language"", ""text"": ""no polarizing language selected"", ""openFeedback"": ""The paragraph reports on the campaign promises factually without adopting inflammatory language or propaganda techniques. Quotes are attributed clearly."", ""paragraphIndex"": 0}, {""category"": ""Inflammatory Language"", ""subcategory"": ""name-calling"", ""text"": ""Wow, why the hell didn't you do that over the last 50 years, Joe?"", ""openFeedback"": ""Auto-filled: Inflammatory Language / name-calling"", ""paragraphIndex"": 1}, {""category"": ""No Polarizing language"", ""subcategory"": ""no polarizing language"", ""text"": ""no polarizing language selected"", ""openFeedback"": ""While the paragraph contains quotes with rhetorical questions and mentions critical viewpoints regarding budget allocations, the reporting itself remains neutral and balanced."", ""paragraphIndex"": 1}, {""category"": ""No Polarizing language"", ""subcategory"": ""no polarizing language"", ""text"": ""no polarizing language selected"", ""openFeedback"": ""The paragraph reports on budget details and skepticism ('observers couldn't help but wonder') regarding the feasibility of the promises, which serves as context rather than manipulative propaganda."", ""paragraphIndex"": 2}, {""category"": ""No Polarizing language"", ""subcategory"": ""no polarizing language"", ""text"": ""no polarizing language selected"", ""openFeedback"": ""The paragraph reports on the promise to land on Mars and the Space Force proposal factually."", ""paragraphIndex"": 3}]}"
17,donald trump's criminal justice reform shows results,politics,National Review,right,"{
  ""annotations"": [
    {
      ""text"": ""It is a major achievement in improving the criminal justice system, long overdue"",
      ""category"": ""Persuasive Propaganda"",
      ""subcategory"": ""Exaggeration"",
      ""paragraphIndex"": 0
    },
    {
      ""text"": ""imposing extreme sentences on people who will spend 20 to 50 years behind bars does nothing to rehabilitate"",
      ""category"": ""Persuasive Propaganda"",
      ""subcategory"": ""Exaggeration"",
      ""paragraphIndex"": 0
    },
    {
      ""text"": ""Some want to see criminals enter prison for decades. But we forget that most of those inmates will be coming out one day, with nothing but the clothes on their backs"",
      ""category"": ""Persuasive Propaganda"",
      ""subcategory"": ""Causal Oversimplification"",
      ""paragraphIndex"": 0
    },
    {
      ""text"": ""The president deserves kudos for his latest efforts in tackling long overdue needs of the criminal justice system in America"",
      ""category"": ""Persuasive Propaganda"",
      ""subcategory"": ""Exaggeration"",
      ""paragraphIndex"": 1
    },
    {
      ""text"": ""A death knell against winning at the polls is to appear \""soft on crime,\"" generally measured in sentencing practices. That, in turn, results in many years behind bars accomplishing nothing"",
      ""category"": ""Persuasive Propaganda"",
      ""subcategory"": ""Causal Oversimplification"",
      ""paragraphIndex"": 2
    },
    {
      ""text"": ""Too often, an 18-year-old makes a mistake for which he will pay until he's 90 years old"",
      ""category"": ""Persuasive Propaganda"",
      ""subcategory"": ""Exaggeration"",
      ""paragraphIndex"": 2
    },
    {
      ""text"": ""our prison system is supposed to be a source of rehabilitation, when in fact, it is little more than a system for warehousing human beings"",
      ""category"": ""Persuasive Propaganda"",
      ""subcategory"": ""Exaggeration"",
      ""paragraphIndex"": 3
    },
    {
      ""text"": ""The First Step Act is a great start"",
      ""category"": ""Persuasive Propaganda"",
      ""subcategory"": ""Exaggeration"",
      ""paragraphIndex"": 4
    }
  ]
}","{
  ""title"": ""donald trump's criminal justice reform shows results"",
  ""topic"": ""politics"",
  ""source"": ""National Review"",
  ""rating"": ""right"",
  ""annotations"": [
    {
      ""category"": ""Persuasive Propaganda"",
      ""subcategory"": ""bandwagon"",
      ""text"": ""We all want to see criminals pay their debts for committing crimes"",
      ""openFeedback"": ""The author claims a universal desire ('We all want') to create a sense of consensus before introducing a counter-argument."",
      ""paragraphIndex"": 0
    },
    {
      ""category"": ""No Polarizing language"",
      ""subcategory"": ""no polarizing language"",
      ""text"": ""no polarizing language selected"",
      ""openFeedback"": ""This paragraph utilizes a narrative anecdote to illustrate a point, but does not employ explicit inflammatory language or propaganda techniques defined in the schema."",
      ""paragraphIndex"": 1
    },
    {
      ""category"": ""Persuasive Propaganda"",
      ""subcategory"": ""exaggeration"",
      ""text"": ""results in many years behind bars accomplishing nothing"",
      ""openFeedback"": ""The author uses the absolute term 'nothing' to exaggerate the inefficacy of long prison sentences."",
      ""paragraphIndex"": 2
    },
    {
      ""category"": ""Persuasive Propaganda"",
      ""subcategory"": ""exaggeration"",
      ""text"": ""little more than a system for warehousing human beings"",
      ""openFeedback"": ""The author exaggerates and uses emotionally charged imagery ('warehousing') to describe the prison system, reducing its function entirely to storage."",
      ""paragraphIndex"": 3
    },
    {
      ""category"": ""No Polarizing language"",
      ""subcategory"": ""no polarizing language"",
      ""text"": ""no polarizing language selected"",
      ""openFeedback"": ""The paragraph concludes with statistics and a general call to improve, without using specific propaganda or inflammatory techniques."",
      ""paragraphIndex"": 4
    }
  ]
}","{
  ""annotations"": [
    {
      ""text"": ""no polarizing language selected"",
      ""category"": ""No Polarizing language"",
      ""subcategory"": ""no polarizing language"",
      ""paragraphIndex"": 0
    },
    {
      ""text"": ""The president deserves kudos for his latest efforts in tackling long overdue needs of the criminal justice system in America"",
      ""category"": ""Name-Calling"",
      ""subcategory"": ""Name-Calling"",
      ""paragraphIndex"": 1
    },
    {
      ""text"": ""no polarizing language selected"",
      ""category"": ""No Polarizing language"",
      ""subcategory"": ""no polarizing language"",
      ""paragraphIndex"": 2
    },
    {
      ""text"": ""Our prison system is supposed to be a source of rehabilitation, when in fact, it is little more than a system for warehousing human beings"",
      ""category"": ""Demonization"",
      ""subcategory"": ""Demonization"",
      ""paragraphIndex"": 3
    },
    {
      ""text"": ""no polarizing language selected"",
      ""category"": ""No Polarizing language"",
      ""subcategory"": ""no polarizing language"",
      ""paragraphIndex"": 4
    }
  ]
}","{""title"": ""donald trump's criminal justice reform shows results"", ""topic"": ""politics"", ""source"": ""National Review"", ""rating"": ""right"", ""annotations"": [{""category"": ""Persuasive Propaganda"", ""subcategory"": ""exaggeration"", ""text"": ""It is a major achievement in improving the criminal justice system, long overdue"", ""openFeedback"": ""Auto-filled: Persuasive Propaganda / exaggeration"", ""paragraphIndex"": 0}, {""category"": ""Persuasive Propaganda"", ""subcategory"": ""exaggeration"", ""text"": ""imposing extreme sentences on people who will spend 20 to 50 years behind bars does nothing to rehabilitate"", ""openFeedback"": ""Auto-filled: Persuasive Propaganda / exaggeration"", ""paragraphIndex"": 0}, {""category"": ""Persuasive Propaganda"", ""subcategory"": ""casual oversimplification"", ""text"": ""Some want to see criminals enter prison for decades. But we forget that most of those inmates will be coming out one day, with nothing but the clothes on their backs"", ""openFeedback"": ""Auto-filled: Persuasive Propaganda / casual oversimplification"", ""paragraphIndex"": 0}, {""category"": ""Persuasive Propaganda"", ""subcategory"": ""bandwagon"", ""text"": ""We all want to see criminals pay their debts for committing crimes"", ""openFeedback"": ""The author claims a universal desire ('We all want') to create a sense of consensus before introducing a counter-argument."", ""paragraphIndex"": 0}, {""category"": ""No Polarizing language"", ""subcategory"": ""no polarizing language"", ""text"": ""no polarizing language selected"", ""openFeedback"": ""This paragraph utilizes a narrative anecdote to illustrate a point, but does not employ explicit inflammatory language or propaganda techniques defined in the schema."", ""paragraphIndex"": 1}, {""category"": ""Persuasive Propaganda"", ""subcategory"": ""casual oversimplification"", ""text"": ""A death knell against winning at the polls is to appear \""soft on crime,\"" generally measured in sentencing practices. That, in turn, results in many years behind bars accomplishing nothing"", ""openFeedback"": ""Auto-filled: Persuasive Propaganda / casual oversimplification"", ""paragraphIndex"": 2}, {""category"": ""Persuasive Propaganda"", ""subcategory"": ""exaggeration"", ""text"": ""results in many years behind bars accomplishing nothing"", ""openFeedback"": ""The author uses the absolute term 'nothing' to exaggerate the inefficacy of long prison sentences."", ""paragraphIndex"": 2}, {""category"": ""Persuasive Propaganda"", ""subcategory"": ""exaggeration"", ""text"": ""Too often, an 18-year-old makes a mistake for which he will pay until he's 90 years old"", ""openFeedback"": ""Auto-filled: Persuasive Propaganda / exaggeration"", ""paragraphIndex"": 2}, {""category"": ""Persuasive Propaganda"", ""subcategory"": ""exaggeration"", ""text"": ""our prison system is supposed to be a source of rehabilitation, when in fact, it is little more than a system for warehousing human beings"", ""openFeedback"": ""Auto-filled: Persuasive Propaganda / exaggeration"", ""paragraphIndex"": 3}, {""category"": ""Persuasive Propaganda"", ""subcategory"": ""exaggeration"", ""text"": ""little more than a system for warehousing human beings"", ""openFeedback"": ""The author exaggerates and uses emotionally charged imagery ('warehousing') to describe the prison system, reducing its function entirely to storage."", ""paragraphIndex"": 3}, {""category"": ""No Polarizing language"", ""subcategory"": ""no polarizing language"", ""text"": ""no polarizing language selected"", ""openFeedback"": ""The paragraph concludes with statistics and a general call to improve, without using specific propaganda or inflammatory techniques."", ""paragraphIndex"": 4}]}"
18,GOP lawmaker suggests Colin Kaepernick move to a different country,politics,Breitbart News,right,"{
  ""annotations"": [
    {
      ""text"": ""no polarizing language selected"",
      ""category"": ""No Polarizing language"",
      ""subcategory"": ""no polarizing language"",
      ""paragraphIndex"": 0
    },
    {
      ""text"": ""some \""very radical people in the United States of America who don't like America.\"""",
      ""category"": ""Inflammatory Language"",
      ""subcategory"": ""Name-Calling"",
      ""paragraphIndex"": 1
    },
    {
      ""text"": ""very radical people in the United States of America who don't like America"",
      ""category"": ""Inflammatory Language"",
      ""subcategory"": ""Demonization"",
      ""paragraphIndex"": 1
    },
    {
      ""text"": ""They don't like the foundational principles that have made us a great nation"",
      ""category"": ""Persuasive Propaganda"",
      ""subcategory"": ""Exaggeration"",
      ""paragraphIndex"": 1
    },
    {
      ""text"": ""we've had over a million Americans die fighting for our liberties. All of these things that we enjoy he seems to frown upon"",
      ""category"": ""Persuasive Propaganda"",
      ""subcategory"": ""Causal Oversimplification"",
      ""paragraphIndex"": 2
    }
  ]
}","{
  ""title"": ""GOP lawmaker suggests Colin Kaepernick move to a different country"",
  ""topic"": ""politics"",
  ""source"": ""Breitbart News"",
  ""rating"": ""right"",
  ""annotations"": [
    {
      ""category"": ""No Polarizing language"",
      ""subcategory"": ""no polarizing language"",
      ""text"": ""no polarizing language selected"",
      ""openFeedback"": ""The paragraph reports on the statements made by Rep. Mo Brooks and the actions of Colin Kaepernick without using explicit inflammatory language or propaganda techniques in the reporting voice."",
      ""paragraphIndex"": 0
    },
    {
      ""category"": ""Inflammatory Language"",
      ""subcategory"": ""demonization"",
      ""text"": ""very radical people in the United States of America who don't like America"",
      ""openFeedback"": ""The speaker characterizes a group of people as \""radical\"" and claims they \""don't like America,\"" framing them as an internal threat or enemy to the nation's values."",
      ""paragraphIndex"": 1
    },
    {
      ""category"": ""Persuasive Propaganda"",
      ""subcategory"": ""exaggeration"",
      ""text"": ""All of these things that we enjoy he seems to frown upon"",
      ""openFeedback"": ""The speaker uses exaggeration to misrepresent the subject's specific protest as a general disdain for all American liberties and things citizens enjoy."",
      ""paragraphIndex"": 2
    }
  ]
}","{
  ""annotations"": [
    {
      ""text"": ""no polarizing language selected"",
      ""category"": ""No Polarizing language"",
      ""subcategory"": ""no polarizing language"",
      ""paragraphIndex"": 0
    },
    {
      ""text"": ""some \""very radical people in the United States of America who don't like America.\"""",
      ""category"": ""Inflammatory Language"",
      ""subcategory"": ""Name-Calling"",
      ""paragraphIndex"": 1
    },
    {
      ""text"": ""I would put Mr. Kaepernick in that category"",
      ""category"": ""Inflammatory Language"",
      ""subcategory"": ""Name-Calling"",
      ""paragraphIndex"": 1
    },
    {
      ""text"": ""All of these things that we enjoy he seems to frown upon, and so I just assume he'd leave."",
      ""category"": ""Persuasive Propaganda"",
      ""subcategory"": ""Causal Oversimplification"",
      ""paragraphIndex"": 2
    }
  ]
}","{""title"": ""GOP lawmaker suggests Colin Kaepernick move to a different country"", ""topic"": ""politics"", ""source"": ""Breitbart News"", ""rating"": ""right"", ""annotations"": [{""category"": ""No Polarizing language"", ""subcategory"": ""no polarizing language"", ""text"": ""no polarizing language selected"", ""openFeedback"": ""Auto-filled: No Polarizing language / no polarizing language"", ""paragraphIndex"": 0}, {""category"": ""Inflammatory Language"", ""subcategory"": ""name-calling"", ""text"": ""some \""very radical people in the United States of America who don't like America.\"""", ""openFeedback"": ""Auto-filled: Inflammatory Language / name-calling"", ""paragraphIndex"": 1}, {""category"": ""Inflammatory Language"", ""subcategory"": ""demonization"", ""text"": ""very radical people in the United States of America who don't like America"", ""openFeedback"": ""The speaker characterizes a group of people as \""radical\"" and claims they \""don't like America,\"" framing them as an internal threat or enemy to the nation's values."", ""paragraphIndex"": 1}, {""category"": ""Persuasive Propaganda"", ""subcategory"": ""exaggeration"", ""text"": ""They don't like the foundational principles that have made us a great nation"", ""openFeedback"": ""Auto-filled: Persuasive Propaganda / exaggeration"", ""paragraphIndex"": 1}, {""category"": ""Persuasive Propaganda"", ""subcategory"": ""exaggeration"", ""text"": ""All of these things that we enjoy he seems to frown upon"", ""openFeedback"": ""The speaker uses exaggeration to misrepresent the subject's specific protest as a general disdain for all American liberties and things citizens enjoy."", ""paragraphIndex"": 2}, {""category"": ""Persuasive Propaganda"", ""subcategory"": ""casual oversimplification"", ""text"": ""All of these things that we enjoy he seems to frown upon, and so I just assume he'd leave."", ""openFeedback"": ""Auto-filled: Persuasive Propaganda / casual oversimplification"", ""paragraphIndex"": 2}]}"
19,Trump hits polling on Fox News: 'Something weird going on at Fox',politics,Fox News,right,"{
  ""annotations"": [
    {
      ""text"": ""no polarizing language selected"",
      ""category"": ""No Polarizing language"",
      ""subcategory"": ""no polarizing language"",
      ""paragraphIndex"": 0
    },
    {
      ""text"": ""Crooked Hillary"",
      ""category"": ""Inflammatory Language"",
      ""subcategory"": ""Name-Calling"",
      ""paragraphIndex"": 1
    },
    {
      ""text"": ""More Fake News"",
      ""category"": ""Inflammatory Language"",
      ""subcategory"": ""Name-Calling"",
      ""paragraphIndex"": 1
    },
    {
      ""text"": ""no polarizing language selected"",
      ""category"": ""No Polarizing language"",
      ""subcategory"": ""no polarizing language"",
      ""paragraphIndex"": 2
    },
    {
      ""text"": ""only fake polls"",
      ""category"": ""Inflammatory Language"",
      ""subcategory"": ""Name-Calling"",
      ""paragraphIndex"": 3
    },
    {
      ""text"": ""referring to them as a \""Motley Crew.\"""",
      ""category"": ""Inflammatory Language"",
      ""subcategory"": ""Name-Calling"",
      ""paragraphIndex"": 3
    },
    {
      ""text"": ""MAKE AMERICA GREAT AGAIN!"",
      ""category"": ""Persuasive Propaganda"",
      ""subcategory"": ""Slogans"",
      ""paragraphIndex"": 3
    },
    {
      ""text"": ""no polarizing language selected"",
      ""category"": ""No Polarizing language"",
      ""subcategory"": ""no polarizing language"",
      ""paragraphIndex"": 4
    },
    {
      ""text"": ""no polarizing language selected"",
      ""category"": ""No Polarizing language"",
      ""subcategory"": ""no polarizing language"",
      ""paragraphIndex"": 5
    },
    {
      ""text"": ""Fox is moving more and more to the losing (wrong) side"",
      ""category"": ""Persuasive Propaganda"",
      ""subcategory"": ""Exaggeration"",
      ""paragraphIndex"": 6
    }
  ]
}","{
  ""title"": ""Trump hits polling on Fox News: 'Something weird going on at Fox'"",
  ""topic"": ""politics"",
  ""source"": ""Fox News"",
  ""rating"": ""right"",
  ""annotations"": [
    {
      ""category"": ""Inflammatory Language"",
      ""subcategory"": ""name-calling"",
      ""text"": ""They were against Crooked Hillary also."",
      ""openFeedback"": ""The term 'Crooked Hillary' is a loaded negative label used to discredit the individual without providing evidence, fitting the definition of Name-Calling."",
      ""paragraphIndex"": 0
    },
    {
      ""category"": ""No Polarizing language"",
      ""subcategory"": ""no polarizing language"",
      ""text"": ""no polarizing language selected"",
      ""openFeedback"": ""This paragraph reports factual polling data without using inflammatory language or propaganda."",
      ""paragraphIndex"": 1
    },
    {
      ""category"": ""No Polarizing language"",
      ""subcategory"": ""no polarizing language"",
      ""text"": ""no polarizing language selected"",
      ""openFeedback"": ""This paragraph continues to report poll results and statistics neutrally."",
      ""paragraphIndex"": 2
    },
    {
      ""category"": ""Persuasive Propaganda"",
      ""subcategory"": ""slogans"",
      ""text"": ""Much work to do! MAKE AMERICA GREAT AGAIN!"",
      ""openFeedback"": ""'MAKE AMERICA GREAT AGAIN!' is a short, memorable catchphrase used to persuade the audience, fitting the definition of a Slogan."",
      ""paragraphIndex"": 3
    },
    {
      ""category"": ""No Polarizing language"",
      ""subcategory"": ""no polarizing language"",
      ""text"": ""no polarizing language selected"",
      ""openFeedback"": ""This paragraph provides context about the campaign's actions and relationships without polarizing language."",
      ""paragraphIndex"": 4
    },
    {
      ""category"": ""No Polarizing language"",
      ""subcategory"": ""no polarizing language"",
      ""text"": ""no polarizing language selected"",
      ""openFeedback"": ""While the paragraph contains criticism ('wasting airtime', 'losing side'), it reports on the speaker's specific complaints regarding coverage rather than using explicit inflammatory labels or propaganda definitions like demonization or name-calling."",
      ""paragraphIndex"": 5
    }
  ]
}","{
  ""annotations"": [
    {
      ""text"": ""no polarizing language selected"",
      ""category"": ""No Polarizing language"",
      ""subcategory"": ""no polarizing language"",
      ""paragraphIndex"": 0
    },
    {
      ""text"": ""They were against Crooked Hillary also"",
      ""category"": ""Inflammatory Language"",
      ""subcategory"": ""Name-Calling"",
      ""paragraphIndex"": 1
    },
    {
      ""text"": ""More Fake News @BretBaier"",
      ""category"": ""Inflammatory Language"",
      ""subcategory"": ""Name-Calling"",
      ""paragraphIndex"": 1
    },
    {
      ""text"": ""no polarizing language selected"",
      ""category"": ""No Polarizing language"",
      ""subcategory"": ""no polarizing language"",
      ""paragraphIndex"": 2
    },
    {
      ""text"": ""only fake polls"",
      ""category"": ""Inflammatory Language"",
      ""subcategory"": ""Name-Calling"",
      ""paragraphIndex"": 3
    },
    {
      ""text"": ""referring to them as a \""Motley Crew.\"""",
      ""category"": ""Inflammatory Language"",
      ""subcategory"": ""Name-Calling"",
      ""paragraphIndex"": 3
    },
    {
      ""text"": ""MAKE AMERICA GREAT AGAIN!"",
      ""category"": ""Persuasive Propaganda"",
      ""subcategory"": ""Slogans"",
      ""paragraphIndex"": 3
    },
    {
      ""text"": ""no polarizing language selected"",
      ""category"": ""No Polarizing language"",
      ""subcategory"": ""no polarizing language"",
      ""paragraphIndex"": 4
    },
    {
      ""text"": ""no polarizing language selected"",
      ""category"": ""No Polarizing language"",
      ""subcategory"": ""no polarizing language"",
      ""paragraphIndex"": 5
    },
    {
      ""text"": ""Fox is moving more and more to the losing (wrong) side"",
      ""category"": ""Persuasive Propaganda"",
      ""subcategory"": ""Exaggeration"",
      ""paragraphIndex"": 6
    }
  ]
}","{""title"": ""Trump hits polling on Fox News: 'Something weird going on at Fox'"", ""topic"": ""politics"", ""source"": ""Fox News"", ""rating"": ""right"", ""annotations"": [{""category"": ""No Polarizing language"", ""subcategory"": ""no polarizing language"", ""text"": ""no polarizing language selected"", ""openFeedback"": ""Auto-filled: No Polarizing language / no polarizing language"", ""paragraphIndex"": 0}, {""category"": ""Inflammatory Language"", ""subcategory"": ""name-calling"", ""text"": ""Crooked Hillary"", ""openFeedback"": ""Auto-filled: Inflammatory Language / name-calling"", ""paragraphIndex"": 0}, {""category"": ""Inflammatory Language"", ""subcategory"": ""name-calling"", ""text"": ""More Fake News"", ""openFeedback"": ""Auto-filled: Inflammatory Language / name-calling"", ""paragraphIndex"": 0}, {""category"": ""No Polarizing language"", ""subcategory"": ""no polarizing language"", ""text"": ""no polarizing language selected"", ""openFeedback"": ""This paragraph reports factual polling data without using inflammatory language or propaganda."", ""paragraphIndex"": 1}, {""category"": ""Inflammatory Language"", ""subcategory"": ""name-calling"", ""text"": ""only fake polls"", ""openFeedback"": ""Auto-filled: Inflammatory Language / name-calling"", ""paragraphIndex"": 1}, {""category"": ""Inflammatory Language"", ""subcategory"": ""name-calling"", ""text"": ""referring to them as a \""Motley Crew.\"""", ""openFeedback"": ""Auto-filled: Inflammatory Language / name-calling"", ""paragraphIndex"": 1}, {""category"": ""Persuasive Propaganda"", ""subcategory"": ""slogans"", ""text"": ""MAKE AMERICA GREAT AGAIN!"", ""openFeedback"": ""Auto-filled: Persuasive Propaganda / slogans"", ""paragraphIndex"": 1}, {""category"": ""Persuasive Propaganda"", ""subcategory"": ""slogans"", ""text"": ""Much work to do! MAKE AMERICA GREAT AGAIN!"", ""openFeedback"": ""'MAKE AMERICA GREAT AGAIN!' is a short, memorable catchphrase used to persuade the audience, fitting the definition of a Slogan."", ""paragraphIndex"": 1}, {""category"": ""No Polarizing language"", ""subcategory"": ""no polarizing language"", ""text"": ""no polarizing language selected"", ""openFeedback"": ""This paragraph continues to report poll results and statistics neutrally."", ""paragraphIndex"": 2}, {""category"": ""No Polarizing language"", ""subcategory"": ""no polarizing language"", ""text"": ""no polarizing language selected"", ""openFeedback"": ""Auto-filled: No Polarizing language / no polarizing language"", ""paragraphIndex"": 2}, {""category"": ""No Polarizing language"", ""subcategory"": ""no polarizing language"", ""text"": ""no polarizing language selected"", ""openFeedback"": ""This paragraph provides context about the campaign's actions and relationships without polarizing language."", ""paragraphIndex"": 2}, {""category"": ""Persuasive Propaganda"", ""subcategory"": ""exaggeration"", ""text"": ""Fox is moving more and more to the losing (wrong) side"", ""openFeedback"": ""Auto-filled: Persuasive Propaganda / exaggeration"", ""paragraphIndex"": 2}]}"
20,"'if you're directly complicit in spreading hate, consider dining at home': restaurant owner who kicked sarah sanders out last year defends chicago server who spat on eric trump in a cocktail bar",politics,Boston Herald,right,"{
  ""annotations"": [
    {
      ""text"": ""politicians involved in 'spreading hate' should consider dining at home"",
      ""category"": ""Inflammatory Language"",
      ""subcategory"": ""Name-Calling"",
      ""paragraphIndex"": 0
    },
    {
      ""text"": ""no polarizing language selected"",
      ""category"": ""No Polarizing language"",
      ""subcategory"": ""no polarizing language"",
      ""paragraphIndex"": 1
    },
    {
      ""text"": ""If you're an unsavory individual - of whatever persuasion or affiliation - we have no legal or moral obligation to do business with you"",
      ""category"": ""Inflammatory Language"",
      ""subcategory"": ""Name-Calling"",
      ""paragraphIndex"": 2
    },
    {
      ""text"": ""an administration that has made its name trashing norms and breaking backs"",
      ""category"": ""Inflammatory Language"",
      ""subcategory"": ""Demonization"",
      ""paragraphIndex"": 2
    },
    {
      ""text"": ""You can't call people your enemies by day and expect hospitality from them in the evening"",
      ""category"": ""Persuasive Propaganda"",
      ""subcategory"": ""Causal Oversimplification"",
      ""paragraphIndex"": 2
    },
    {
      ""text"": ""If you're directly complicit in spreading hate or perpetuating suffering, maybe you should consider dining at home"",
      ""category"": ""Inflammatory Language"",
      ""subcategory"": ""Demonization"",
      ""paragraphIndex"": 3
    },
    {
      ""text"": ""Wilkinson's bold move to ask Sarah Sanders to leave the Red Hen"",
      ""category"": ""Persuasive Propaganda"",
      ""subcategory"": ""Exaggeration"",
      ""paragraphIndex"": 3
    },
    {
      ""text"": ""no polarizing language selected"",
      ""category"": ""No Polarizing language"",
      ""subcategory"": ""no polarizing language"",
      ""paragraphIndex"": 4
    }
  ]
}","{
  ""title"": ""'if you're directly complicit in spreading hate, consider dining at home': restaurant owner who kicked sarah sanders out last year defends chicago server who spat on eric trump in a cocktail bar"",
  ""topic"": ""politics"",
  ""source"": ""Boston Herald"",
  ""rating"": ""right"",
  ""annotations"": [
    {
      ""category"": ""Inflammatory Language"",
      ""subcategory"": ""name-calling"",
      ""text"": ""politicians involved in 'spreading hate'"",
      ""openFeedback"": ""The phrase applies a loaded label ('spreading hate') to politicians, characterizing them negatively without specific evidence in this context."",
      ""paragraphIndex"": 0
    },
    {
      ""category"": ""Inflammatory Language"",
      ""subcategory"": ""demonization"",
      ""text"": ""administration that has made its name trashing norms and breaking backs"",
      ""openFeedback"": ""This passage describes the administration as a dangerous force causing physical harm ('breaking backs') and corruption, fitting the definition of demonization."",
      ""paragraphIndex"": 1
    },
    {
      ""category"": ""Inflammatory Language"",
      ""subcategory"": ""demonization"",
      ""text"": ""directly complicit in spreading hate or perpetuating suffering"",
      ""openFeedback"": ""Accusing individuals of 'perpetuating suffering' and 'spreading hate' frames them as evil or dangerous, which is a form of demonization."",
      ""paragraphIndex"": 2
    },
    {
      ""category"": ""No Polarizing language"",
      ""subcategory"": ""no polarizing language"",
      ""text"": ""no polarizing language selected"",
      ""openFeedback"": ""The paragraph provides a factual account of the incident involving Eric Trump without utilizing inflammatory language or propaganda techniques."",
      ""paragraphIndex"": 3
    }
  ]
}","{
  ""annotations"": [
    {
      ""text"": ""politicians involved in 'spreading hate' should consider dining at home"",
      ""category"": ""Inflammatory Language"",
      ""subcategory"": ""Name-Calling"",
      ""paragraphIndex"": 0
    },
    {
      ""text"": ""no polarizing language selected"",
      ""category"": ""No Polarizing language"",
      ""subcategory"": ""no polarizing language"",
      ""paragraphIndex"": 1
    },
    {
      ""text"": ""If you're an unsavory individual - of whatever persuasion or affiliation"",
      ""category"": ""Inflammatory Language"",
      ""subcategory"": ""Name-Calling"",
      ""paragraphIndex"": 2
    },
    {
      ""text"": ""an administration that has made its name trashing norms and breaking backs"",
      ""category"": ""Inflammatory Language"",
      ""subcategory"": ""Demonization"",
      ""paragraphIndex"": 3
    },
    {
      ""text"": ""You can't call people your enemies by day"",
      ""category"": ""Inflammatory Language"",
      ""subcategory"": ""Demonization"",
      ""paragraphIndex"": 3
    },
    {
      ""text"": ""If you're directly complicit in spreading hate or perpetuating suffering"",
      ""category"": ""Inflammatory Language"",
      ""subcategory"": ""Demonization"",
      ""paragraphIndex"": 4
    },
    {
      ""text"": ""Wilkinson's bold move to ask Sarah Sanders to leave the Red Hen"",
      ""category"": ""Persuasive Propaganda"",
      ""subcategory"": ""Exaggeration"",
      ""paragraphIndex"": 5
    },
    {
      ""text"": ""no polarizing language selected"",
      ""category"": ""No Polarizing language"",
      ""subcategory"": ""no polarizing language"",
      ""paragraphIndex"": 6
    }
  ]
}","{""title"": ""'if you're directly complicit in spreading hate, consider dining at home': restaurant owner who kicked sarah sanders out last year defends chicago server who spat on eric trump in a cocktail bar"", ""topic"": ""politics"", ""source"": ""Boston Herald"", ""rating"": ""right"", ""annotations"": [{""category"": ""Inflammatory Language"", ""subcategory"": ""name-calling"", ""text"": ""politicians involved in 'spreading hate' should consider dining at home"", ""openFeedback"": ""Auto-filled: Inflammatory Language / name-calling"", ""paragraphIndex"": 0}, {""category"": ""Inflammatory Language"", ""subcategory"": ""name-calling"", ""text"": ""politicians involved in 'spreading hate'"", ""openFeedback"": ""The phrase applies a loaded label ('spreading hate') to politicians, characterizing them negatively without specific evidence in this context."", ""paragraphIndex"": 0}, {""category"": ""Inflammatory Language"", ""subcategory"": ""name-calling"", ""text"": ""If you're an unsavory individual - of whatever persuasion or affiliation - we have no legal or moral obligation to do business with you"", ""openFeedback"": ""Auto-filled: Inflammatory Language / name-calling"", ""paragraphIndex"": 1}, {""category"": ""Inflammatory Language"", ""subcategory"": ""name-calling"", ""text"": ""If you're an unsavory individual - of whatever persuasion or affiliation"", ""openFeedback"": ""Auto-filled: Inflammatory Language / name-calling"", ""paragraphIndex"": 1}, {""category"": ""Inflammatory Language"", ""subcategory"": ""demonization"", ""text"": ""an administration that has made its name trashing norms and breaking backs"", ""openFeedback"": ""Auto-filled: Inflammatory Language / demonization"", ""paragraphIndex"": 1}, {""category"": ""Inflammatory Language"", ""subcategory"": ""demonization"", ""text"": ""administration that has made its name trashing norms and breaking backs"", ""openFeedback"": ""This passage describes the administration as a dangerous force causing physical harm ('breaking backs') and corruption, fitting the definition of demonization."", ""paragraphIndex"": 1}, {""category"": ""Persuasive Propaganda"", ""subcategory"": ""casual oversimplification"", ""text"": ""You can't call people your enemies by day and expect hospitality from them in the evening"", ""openFeedback"": ""Auto-filled: Persuasive Propaganda / casual oversimplification"", ""paragraphIndex"": 1}, {""category"": ""Inflammatory Language"", ""subcategory"": ""demonization"", ""text"": ""You can't call people your enemies by day"", ""openFeedback"": ""Auto-filled: Inflammatory Language / demonization"", ""paragraphIndex"": 1}, {""category"": ""Inflammatory Language"", ""subcategory"": ""demonization"", ""text"": ""If you're directly complicit in spreading hate or perpetuating suffering, maybe you should consider dining at home"", ""openFeedback"": ""Auto-filled: Inflammatory Language / demonization"", ""paragraphIndex"": 2}, {""category"": ""Inflammatory Language"", ""subcategory"": ""demonization"", ""text"": ""directly complicit in spreading hate or perpetuating suffering"", ""openFeedback"": ""Accusing individuals of 'perpetuating suffering' and 'spreading hate' frames them as evil or dangerous, which is a form of demonization."", ""paragraphIndex"": 2}, {""category"": ""Persuasive Propaganda"", ""subcategory"": ""exaggeration"", ""text"": ""Wilkinson's bold move to ask Sarah Sanders to leave the Red Hen"", ""openFeedback"": ""Auto-filled: Persuasive Propaganda / exaggeration"", ""paragraphIndex"": 2}, {""category"": ""No Polarizing language"", ""subcategory"": ""no polarizing language"", ""text"": ""no polarizing language selected"", ""openFeedback"": ""Auto-filled: No Polarizing language / no polarizing language"", ""paragraphIndex"": 1}, {""category"": ""No Polarizing language"", ""subcategory"": ""no polarizing language"", ""text"": ""no polarizing language selected"", ""openFeedback"": ""The paragraph provides a factual account of the incident involving Eric Trump without utilizing inflammatory language or propaganda techniques."", ""paragraphIndex"": 3}]}"
21,"Donald Trump Jr. mocks Roy Moore after campaign announcement, reigniting feud",politics,Fox News,right,"{
  ""annotations"": [
    {
      ""text"": ""took another shot at Alabama Judge Roy Moore"",
      ""category"": ""Inflammatory Language"",
      ""subcategory"": ""Name-Calling"",
      ""paragraphIndex"": 0
    },
    {
      ""text"": ""This can't be real... can it? Based on the allegations I'd stay away from that"",
      ""category"": ""Persuasive Propaganda"",
      ""subcategory"": ""Doubt"",
      ""paragraphIndex"": 0
    },
    {
      ""text"": ""Yes, I can win. Not only can I, they know I can. That's why there's such opposition."",
      ""category"": ""Persuasive Propaganda"",
      ""subcategory"": ""Exaggeration"",
      ""paragraphIndex"": 1
    },
    {
      ""text"": ""This is pure fake news"",
      ""category"": ""Persuasive Propaganda"",
      ""subcategory"": ""Doubt"",
      ""paragraphIndex"": 2
    },
    {
      ""text"": ""he's doing a disservice to all conservatives across the country in the process"",
      ""category"": ""Persuasive Propaganda"",
      ""subcategory"": ""Exaggeration"",
      ""paragraphIndex"": 2
    },
    {
      ""text"": ""You're literally the only candidate who could lose a GOP seat in pro-Trump, pro-USA ALABAMA"",
      ""category"": ""Persuasive Propaganda"",
      ""subcategory"": ""Exaggeration"",
      ""paragraphIndex"": 3
    },
    {
      ""text"": ""If you actually care about #MAGA more than your own ego, it's time to ride off into the sunset, Judge"",
      ""category"": ""Inflammatory Language"",
      ""subcategory"": ""Name-Calling"",
      ""paragraphIndex"": 3
    },
    {
      ""text"": ""pro-Trump, pro-USA ALABAMA"",
      ""category"": ""Persuasive Propaganda"",
      ""subcategory"": ""Slogans"",
      ""paragraphIndex"": 3
    },
    {
      ""text"": ""no polarizing language selected"",
      ""category"": ""No Polarizing language"",
      ""subcategory"": ""no polarizing language"",
      ""paragraphIndex"": 4
    },
    {
      ""text"": ""anyone but Roy Moore"",
      ""category"": ""Inflammatory Language"",
      ""subcategory"": ""Name-Calling"",
      ""paragraphIndex"": 5
    },
    {
      ""text"": ""nominating Roy Moore would be gift wrapping this Senate seat for Chuck Schumer"",
      ""category"": ""Persuasive Propaganda"",
      ""subcategory"": ""Exaggeration"",
      ""paragraphIndex"": 5
    },
    {
      ""text"": ""whether Moore can escape his baggage without his candidacy collapsing under its own weight"",
      ""category"": ""Persuasive Propaganda"",
      ""subcategory"": ""Exaggeration"",
      ""paragraphIndex"": 5
    },
    {
      ""text"": ""no polarizing language selected"",
      ""category"": ""No Polarizing language"",
      ""subcategory"": ""no polarizing language"",
      ""paragraphIndex"": 6
    }
  ]
}","{
  ""title"": ""Donald Trump Jr. mocks Roy Moore after campaign announcement, reigniting feud"",
  ""topic"": ""politics"",
  ""source"": ""Fox News"",
  ""rating"": ""right"",
  ""annotations"": [
    {
      ""category"": ""Persuasive Propaganda"",
      ""subcategory"": ""causal oversimplification"",
      ""text"": ""That's why there's such opposition."",
      ""openFeedback"": ""Moore simplifies the complex reasons for the opposition against him (specifically misconduct allegations) to a single cause: the belief that he can win."",
      ""paragraphIndex"": 0
    },
    {
      ""category"": ""Inflammatory Language"",
      ""subcategory"": ""name-calling"",
      ""text"": ""This is pure fake news."",
      ""openFeedback"": ""Trump Jr. uses the loaded label \""fake news\"" to summarily dismiss Moore's claim without engaging with the argument."",
      ""paragraphIndex"": 1
    },
    {
      ""category"": ""Persuasive Propaganda"",
      ""subcategory"": ""exaggeration"",
      ""text"": ""literally the only candidate who could lose a GOP seat"",
      ""openFeedback"": ""Trump Jr. uses the word \""literally\"" and the absolute phrasing \""only candidate\"" to hyperbolize Moore's lack of electability."",
      ""paragraphIndex"": 1
    },
    {
      ""category"": ""Persuasive Propaganda"",
      ""subcategory"": ""slogans"",
      ""text"": ""care about #MAGA more than your own ego"",
      ""openFeedback"": ""Uses the political slogan \""#MAGA\"" to invoke in-group loyalty and criticize Moore."",
      ""paragraphIndex"": 1
    },
    {
      ""category"": ""Persuasive Propaganda"",
      ""subcategory"": ""slogans"",
      ""text"": ""stands for 'anyone but Roy Moore.'"",
      ""openFeedback"": ""The phrase \""anyone but Roy Moore\"" is explicitly identified as a motto/slogan used by the NRSC."",
      ""paragraphIndex"": 2
    },
    {
      ""category"": ""Persuasive Propaganda"",
      ""subcategory"": ""exaggeration"",
      ""text"": ""gift wrapping this Senate seat for Chuck Schumer"",
      ""openFeedback"": ""Uses a metaphor to exaggerate the certainty that nominating Moore would result in a Democratic victory."",
      ""paragraphIndex"": 2
    }
  ]
}","{
  ""annotations"": [
    {
      ""text"": ""took another shot at Alabama Judge Roy Moore"",
      ""category"": ""Inflammatory Language"",
      ""subcategory"": ""Name-Calling"",
      ""paragraphIndex"": 0
    },
    {
      ""text"": ""This can't be real... can it?"",
      ""category"": ""Persuasive Propaganda"",
      ""subcategory"": ""Doubt"",
      ""paragraphIndex"": 0
    },
    {
      ""text"": ""This is pure fake news"",
      ""category"": ""Persuasive Propaganda"",
      ""subcategory"": ""Doubt"",
      ""paragraphIndex"": 1
    },
    {
      ""text"": ""he's doing a disservice to all conservatives across the country"",
      ""category"": ""Inflammatory Language"",
      ""subcategory"": ""Demonization"",
      ""paragraphIndex"": 1
    },
    {
      ""text"": ""You're literally the only candidate who could lose a GOP seat"",
      ""category"": ""Persuasive Propaganda"",
      ""subcategory"": ""Exaggeration"",
      ""paragraphIndex"": 2
    },
    {
      ""text"": ""If you actually care about #MAGA more than your own ego"",
      ""category"": ""Inflammatory Language"",
      ""subcategory"": ""Name-Calling"",
      ""paragraphIndex"": 2
    },
    {
      ""text"": ""it's time to ride off into the sunset, Judge"",
      ""category"": ""Inflammatory Language"",
      ""subcategory"": ""Name-Calling"",
      ""paragraphIndex"": 2
    },
    {
      ""text"": ""no polarizing language selected"",
      ""category"": ""No Polarizing language"",
      ""subcategory"": ""no polarizing language"",
      ""paragraphIndex"": 3
    },
    {
      ""text"": ""anyone but Roy Moore"",
      ""category"": ""Persuasive Propaganda"",
      ""subcategory"": ""Slogans"",
      ""paragraphIndex"": 4
    },
    {
      ""text"": ""nominating Roy Moore would be gift wrapping this Senate seat for Chuck Schumer"",
      ""category"": ""Persuasive Propaganda"",
      ""subcategory"": ""Exaggeration"",
      ""paragraphIndex"": 4
    }
  ]
}","{""title"": ""Donald Trump Jr. mocks Roy Moore after campaign announcement, reigniting feud"", ""topic"": ""politics"", ""source"": ""Fox News"", ""rating"": ""right"", ""annotations"": [{""category"": ""Inflammatory Language"", ""subcategory"": ""name-calling"", ""text"": ""took another shot at Alabama Judge Roy Moore"", ""openFeedback"": ""Auto-filled: Inflammatory Language / name-calling"", ""paragraphIndex"": 0}, {""category"": ""Persuasive Propaganda"", ""subcategory"": ""doubt"", ""text"": ""This can't be real... can it? Based on the allegations I'd stay away from that"", ""openFeedback"": ""Auto-filled: Persuasive Propaganda / doubt"", ""paragraphIndex"": 0}, {""category"": ""Persuasive Propaganda"", ""subcategory"": ""exaggeration"", ""text"": ""Yes, I can win. Not only can I, they know I can. That's why there's such opposition."", ""openFeedback"": ""Auto-filled: Persuasive Propaganda / exaggeration"", ""paragraphIndex"": 0}, {""category"": ""Persuasive Propaganda"", ""subcategory"": ""casual oversimplification"", ""text"": ""That's why there's such opposition."", ""openFeedback"": ""Moore simplifies the complex reasons for the opposition against him (specifically misconduct allegations) to a single cause: the belief that he can win."", ""paragraphIndex"": 0}, {""category"": ""Persuasive Propaganda"", ""subcategory"": ""doubt"", ""text"": ""This is pure fake news"", ""openFeedback"": ""Auto-filled: Persuasive Propaganda / doubt"", ""paragraphIndex"": 1}, {""category"": ""Inflammatory Language"", ""subcategory"": ""name-calling"", ""text"": ""This is pure fake news."", ""openFeedback"": ""Trump Jr. uses the loaded label \""fake news\"" to summarily dismiss Moore's claim without engaging with the argument."", ""paragraphIndex"": 1}, {""category"": ""Persuasive Propaganda"", ""subcategory"": ""exaggeration"", ""text"": ""he's doing a disservice to all conservatives across the country in the process"", ""openFeedback"": ""Auto-filled: Persuasive Propaganda / exaggeration"", ""paragraphIndex"": 1}, {""category"": ""Inflammatory Language"", ""subcategory"": ""demonization"", ""text"": ""he's doing a disservice to all conservatives across the country"", ""openFeedback"": ""Auto-filled: Inflammatory Language / demonization"", ""paragraphIndex"": 1}, {""category"": ""Persuasive Propaganda"", ""subcategory"": ""exaggeration"", ""text"": ""You're literally the only candidate who could lose a GOP seat in pro-Trump, pro-USA ALABAMA"", ""openFeedback"": ""Auto-filled: Persuasive Propaganda / exaggeration"", ""paragraphIndex"": 1}, {""category"": ""Persuasive Propaganda"", ""subcategory"": ""exaggeration"", ""text"": ""literally the only candidate who could lose a GOP seat"", ""openFeedback"": ""Trump Jr. uses the word \""literally\"" and the absolute phrasing \""only candidate\"" to hyperbolize Moore's lack of electability."", ""paragraphIndex"": 1}, {""category"": ""Inflammatory Language"", ""subcategory"": ""name-calling"", ""text"": ""If you actually care about #MAGA more than your own ego, it's time to ride off into the sunset, Judge"", ""openFeedback"": ""Auto-filled: Inflammatory Language / name-calling"", ""paragraphIndex"": 1}, {""category"": ""Inflammatory Language"", ""subcategory"": ""name-calling"", ""text"": ""If you actually care about #MAGA more than your own ego"", ""openFeedback"": ""Auto-filled: Inflammatory Language / name-calling"", ""paragraphIndex"": 1}, {""category"": ""Inflammatory Language"", ""subcategory"": ""name-calling"", ""text"": ""it's time to ride off into the sunset, Judge"", ""openFeedback"": ""Auto-filled: Inflammatory Language / name-calling"", ""paragraphIndex"": 1}, {""category"": ""Persuasive Propaganda"", ""subcategory"": ""slogans"", ""text"": ""pro-Trump, pro-USA ALABAMA"", ""openFeedback"": ""Auto-filled: Persuasive Propaganda / slogans"", ""paragraphIndex"": 1}, {""category"": ""Persuasive Propaganda"", ""subcategory"": ""slogans"", ""text"": ""care about #MAGA more than your own ego"", ""openFeedback"": ""Uses the political slogan \""#MAGA\"" to invoke in-group loyalty and criticize Moore."", ""paragraphIndex"": 1}, {""category"": ""No Polarizing language"", ""subcategory"": ""no polarizing language"", ""text"": ""no polarizing language selected"", ""openFeedback"": ""Auto-filled: No Polarizing language / no polarizing language"", ""paragraphIndex"": 2}, {""category"": ""Inflammatory Language"", ""subcategory"": ""name-calling"", ""text"": ""anyone but Roy Moore"", ""openFeedback"": ""Auto-filled: Inflammatory Language / name-calling"", ""paragraphIndex"": 2}, {""category"": ""Persuasive Propaganda"", ""subcategory"": ""slogans"", ""text"": ""anyone but Roy Moore"", ""openFeedback"": ""Auto-filled: Persuasive Propaganda / slogans"", ""paragraphIndex"": 2}, {""category"": ""Persuasive Propaganda"", ""subcategory"": ""slogans"", ""text"": ""stands for 'anyone but Roy Moore.'"", ""openFeedback"": ""The phrase \""anyone but Roy Moore\"" is explicitly identified as a motto/slogan used by the NRSC."", ""paragraphIndex"": 2}, {""category"": ""Persuasive Propaganda"", ""subcategory"": ""exaggeration"", ""text"": ""nominating Roy Moore would be gift wrapping this Senate seat for Chuck Schumer"", ""openFeedback"": ""Auto-filled: Persuasive Propaganda / exaggeration"", ""paragraphIndex"": 2}, {""category"": ""Persuasive Propaganda"", ""subcategory"": ""exaggeration"", ""text"": ""gift wrapping this Senate seat for Chuck Schumer"", ""openFeedback"": ""Uses a metaphor to exaggerate the certainty that nominating Moore would result in a Democratic victory."", ""paragraphIndex"": 2}, {""category"": ""Persuasive Propaganda"", ""subcategory"": ""exaggeration"", ""text"": ""whether Moore can escape his baggage without his candidacy collapsing under its own weight"", ""openFeedback"": ""Auto-filled: Persuasive Propaganda / exaggeration"", ""paragraphIndex"": 2}, {""category"": ""No Polarizing language"", ""subcategory"": ""no polarizing language"", ""text"": ""no polarizing language selected"", ""openFeedback"": ""Auto-filled: No Polarizing language / no polarizing language"", ""paragraphIndex"": 2}]}"
22,"RMV Fail: 546 license suspensions, more to come",legal arguments,Boston Herald,right,"{
  ""annotations"": [
    {
      ""text"": ""a deadly bureaucratic failure that Gov. Charlie Baker admits has tested public confidence in his administration"",
      ""category"": ""Persuasive Propaganda"",
      ""subcategory"": ""Exaggeration"",
      ""paragraphIndex"": 0
    },
    {
      ""text"": ""In a stunning press conference detailing the scope of the crisis Monday"",
      ""category"": ""Persuasive Propaganda"",
      ""subcategory"": ""Exaggeration"",
      ""paragraphIndex"": 0
    },
    {
      ""text"": ""More suspensions are expected as officials go through tens of thousands of out-of-state notices that were filed and forgotten in 53 bins in the RMV's Quincy headquarters"",
      ""category"": ""Persuasive Propaganda"",
      ""subcategory"": ""Exaggeration"",
      ""paragraphIndex"": 1
    },
    {
      ""text"": ""The RMV failed to act on critically important information"",
      ""category"": ""Persuasive Propaganda"",
      ""subcategory"": ""Exaggeration"",
      ""paragraphIndex"": 1
    },
    {
      ""text"": ""no polarizing language selected"",
      ""category"": ""No Polarizing language"",
      ""subcategory"": ""no polarizing language"",
      ""paragraphIndex"": 2
    }
  ]
}","{
  ""title"": ""RMV Fail: 546 license suspensions, more to come"",
  ""topic"": ""legal arguments"",
  ""source"": ""Boston Herald"",
  ""rating"": ""right"",
  ""annotations"": [
    {
      ""category"": ""No Polarizing language"",
      ""subcategory"": ""no polarizing language"",
      ""text"": ""no polarizing language selected"",
      ""openFeedback"": ""The paragraph uses strong descriptive language like \""deadly bureaucratic failure,\"" but this is contextually accurate given the reported seven fatalities resulting from the administrative oversight. It does not fit the definitions of propaganda or inflammatory language."",
      ""paragraphIndex"": 0
    },
    {
      ""category"": ""No Polarizing language"",
      ""subcategory"": ""no polarizing language"",
      ""text"": ""no polarizing language selected"",
      ""openFeedback"": ""The paragraph consists of quotes from officials and factual descriptions of the administrative process and failures without using explicit inflammatory labels or propaganda techniques."",
      ""paragraphIndex"": 1
    },
    {
      ""category"": ""No Polarizing language"",
      ""subcategory"": ""no polarizing language"",
      ""text"": ""no polarizing language selected"",
      ""openFeedback"": ""The narrative text focuses on the remediation efforts. While the paragraph contains a list of 'Related Articles' with potentially loaded titles (e.g., 'Sorry Charlie...'), these are external headlines embedded in the text, not the author's own narrative or persuasive argumentation."",
      ""paragraphIndex"": 2
    },
    {
      ""category"": ""No Polarizing language"",
      ""subcategory"": ""no polarizing language"",
      ""text"": ""no polarizing language selected"",
      ""openFeedback"": ""The paragraph reports on the lack of comment from officials and reactions from the House Speaker using neutral attribution."",
      ""paragraphIndex"": 3
    }
  ]
}","{
  ""annotations"": [
    {
      ""text"": ""a deadly bureaucratic failure that Gov. Charlie Baker admits has tested public confidence"",
      ""category"": ""Persuasive Propaganda"",
      ""subcategory"": ""Exaggeration"",
      ""paragraphIndex"": 0
    },
    {
      ""text"": ""no polarizing language selected"",
      ""category"": ""No Polarizing language"",
      ""subcategory"": ""no polarizing language"",
      ""paragraphIndex"": 1
    },
    {
      ""text"": ""deadly oversight"",
      ""category"": ""Persuasive Propaganda"",
      ""subcategory"": ""Exaggeration"",
      ""paragraphIndex"": 2
    }
  ]
}","{""title"": ""RMV Fail: 546 license suspensions, more to come"", ""topic"": ""legal arguments"", ""source"": ""Boston Herald"", ""rating"": ""right"", ""annotations"": [{""category"": ""No Polarizing language"", ""subcategory"": ""no polarizing language"", ""text"": ""no polarizing language selected"", ""openFeedback"": ""The paragraph uses strong descriptive language like \""deadly bureaucratic failure,\"" but this is contextually accurate given the reported seven fatalities resulting from the administrative oversight. It does not fit the definitions of propaganda or inflammatory language."", ""paragraphIndex"": 0}, {""category"": ""No Polarizing language"", ""subcategory"": ""no polarizing language"", ""text"": ""no polarizing language selected"", ""openFeedback"": ""The paragraph consists of quotes from officials and factual descriptions of the administrative process and failures without using explicit inflammatory labels or propaganda techniques."", ""paragraphIndex"": 1}, {""category"": ""No Polarizing language"", ""subcategory"": ""no polarizing language"", ""text"": ""no polarizing language selected"", ""openFeedback"": ""The narrative text focuses on the remediation efforts. While the paragraph contains a list of 'Related Articles' with potentially loaded titles (e.g., 'Sorry Charlie...'), these are external headlines embedded in the text, not the author's own narrative or persuasive argumentation."", ""paragraphIndex"": 2}, {""category"": ""No Polarizing language"", ""subcategory"": ""no polarizing language"", ""text"": ""no polarizing language selected"", ""openFeedback"": ""The paragraph reports on the lack of comment from officials and reactions from the House Speaker using neutral attribution."", ""paragraphIndex"": 3}]}"
23,Killer of 16-year-old New York girl in 1980 released on parole despite outrage,crime,Fox News,right,"{
  ""annotations"": [
    {
      ""text"": ""brutally murdering a 16-year-old girl in 1980"",
      ""category"": ""Inflammatory Language"",
      ""subcategory"": ""Demonization"",
      ""paragraphIndex"": 0
    },
    {
      ""text"": ""hit in the head with a concrete block, raped twice, strangled and stabbed five times"",
      ""category"": ""Inflammatory Language"",
      ""subcategory"": ""Demonization"",
      ""paragraphIndex"": 0
    },
    {
      ""text"": ""no polarizing language selected"",
      ""category"": ""No Polarizing language"",
      ""subcategory"": ""no polarizing language"",
      ""paragraphIndex"": 1
    },
    {
      ""text"": ""walked silently in the dark, with candles illuminating the same path Bohovesky walked on that fateful night"",
      ""category"": ""Persuasive Propaganda"",
      ""subcategory"": ""Exaggeration"",
      ""paragraphIndex"": 2
    },
    {
      ""text"": ""this man should not be out in the streets"",
      ""category"": ""Inflammatory Language"",
      ""subcategory"": ""Demonization"",
      ""paragraphIndex"": 2
    },
    {
      ""text"": ""this release of this rapist and murderer is so hideous to me"",
      ""category"": ""Inflammatory Language"",
      ""subcategory"": ""Demonization"",
      ""paragraphIndex"": 3
    },
    {
      ""text"": ""this rapist and murderer is so hideous"",
      ""category"": ""Inflammatory Language"",
      ""subcategory"": ""Name-Calling"",
      ""paragraphIndex"": 3
    },
    {
      ""text"": ""I really feel an obligation to speak out so that first, hopefully, it won't happen, but if it sadly does, that it won't happen again"",
      ""category"": ""Persuasive Propaganda"",
      ""subcategory"": ""Exaggeration"",
      ""paragraphIndex"": 3
    },
    {
      ""text"": ""Opponents of LaBarbera's release, including Lois Bohovesky, contend he has neither accepted full responsibility nor shown remorse for his crime"",
      ""category"": ""Persuasive Propaganda"",
      ""subcategory"": ""Doubt"",
      ""paragraphIndex"": 4
    },
    {
      ""text"": ""I don't think he's sorry. He's never accepted responsibility for it, so how can he be sorry?"",
      ""category"": ""Persuasive Propaganda"",
      ""subcategory"": ""Doubt"",
      ""paragraphIndex"": 4
    }
  ]
}","{
  ""title"": ""Killer of 16-year-old New York girl in 1980 released on parole despite outrage"",
  ""topic"": ""crime"",
  ""source"": ""Fox News"",
  ""rating"": ""right"",
  ""annotations"": [
    {
      ""category"": ""No Polarizing language"",
      ""subcategory"": ""no polarizing language"",
      ""text"": ""no polarizing language selected"",
      ""openFeedback"": ""The paragraph uses strong language ('brutally murdering', 'raped', 'strangled') but these are factual descriptions of the crime and conviction details supported by the medical examiner's report mentioned, rather than unsupported inflammatory labeling."",
      ""paragraphIndex"": 0
    },
    {
      ""category"": ""No Polarizing language"",
      ""subcategory"": ""no polarizing language"",
      ""text"": ""no polarizing language selected"",
      ""openFeedback"": ""This paragraph reports on legal proceedings, parole hearings, and a lawsuit without using inflammatory language or propaganda techniques."",
      ""paragraphIndex"": 1
    },
    {
      ""category"": ""No Polarizing language"",
      ""subcategory"": ""no polarizing language"",
      ""text"": ""no polarizing language selected"",
      ""openFeedback"": ""The paragraph reports on protests and political statements. While the phrase 'filled with the governor's appointees' suggests a political bias or lack of independence (potentially 'Doubt'), it is a description of the board's composition in the context of a political figure's argument. It does not clearly cross the threshold into explicit propaganda under conservative guidelines."",
      ""paragraphIndex"": 2
    },
    {
      ""category"": ""No Polarizing language"",
      ""subcategory"": ""no polarizing language"",
      ""text"": ""no polarizing language selected"",
      ""openFeedback"": ""The paragraph contains strong opinions ('hideous', 'rapist and murderer'), but these are direct quotes reflecting the speaker's view or factual labels based on the conviction. No propaganda techniques detected."",
      ""paragraphIndex"": 3
    }
  ]
}","{
  ""annotations"": [
    {
      ""text"": ""brutally murdering a 16-year-old girl in 1980"",
      ""category"": ""Inflammatory Language"",
      ""subcategory"": ""Demonization"",
      ""paragraphIndex"": 0
    },
    {
      ""text"": ""what the local medical examiner described as the most brutal murder he had ever seen"",
      ""category"": ""Persuasive Propaganda"",
      ""subcategory"": ""Exaggeration"",
      ""paragraphIndex"": 0
    },
    {
      ""text"": ""no polarizing language selected"",
      ""category"": ""No Polarizing language"",
      ""subcategory"": ""no polarizing language"",
      ""paragraphIndex"": 1
    },
    {
      ""text"": ""walked silently in the dark, with candles illuminating the same path Bohovesky walked on that fateful night"",
      ""category"": ""Persuasive Propaganda"",
      ""subcategory"": ""Bandwagon"",
      ""paragraphIndex"": 2
    },
    {
      ""text"": ""this man should not be out in the streets"",
      ""category"": ""Inflammatory Language"",
      ""subcategory"": ""Demonization"",
      ""paragraphIndex"": 2
    },
    {
      ""text"": ""this release of this rapist and murderer is so hideous to me"",
      ""category"": ""Inflammatory Language"",
      ""subcategory"": ""Name-Calling"",
      ""paragraphIndex"": 3
    },
    {
      ""text"": ""this rapist and murderer is so hideous"",
      ""category"": ""Inflammatory Language"",
      ""subcategory"": ""Demonization"",
      ""paragraphIndex"": 3
    },
    {
      ""text"": ""Opponents of LaBarbera's release, including Lois Bohovesky, contend he has neither accepted full responsibility nor shown remorse for his crime"",
      ""category"": ""Persuasive Propaganda"",
      ""subcategory"": ""Doubt"",
      ""paragraphIndex"": 3
    },
    {
      ""text"": ""\"" ... I don't think he's sorry. He's never accepted responsibility for it, so how can he be sorry?\"""",
      ""category"": ""Persuasive Propaganda"",
      ""subcategory"": ""Doubt"",
      ""paragraphIndex"": 4
    }
  ]
}","{""title"": ""Killer of 16-year-old New York girl in 1980 released on parole despite outrage"", ""topic"": ""crime"", ""source"": ""Fox News"", ""rating"": ""right"", ""annotations"": [{""category"": ""No Polarizing language"", ""subcategory"": ""no polarizing language"", ""text"": ""no polarizing language selected"", ""openFeedback"": ""The paragraph uses strong language ('brutally murdering', 'raped', 'strangled') but these are factual descriptions of the crime and conviction details supported by the medical examiner's report mentioned, rather than unsupported inflammatory labeling."", ""paragraphIndex"": 0}, {""category"": ""No Polarizing language"", ""subcategory"": ""no polarizing language"", ""text"": ""no polarizing language selected"", ""openFeedback"": ""This paragraph reports on legal proceedings, parole hearings, and a lawsuit without using inflammatory language or propaganda techniques."", ""paragraphIndex"": 1}, {""category"": ""No Polarizing language"", ""subcategory"": ""no polarizing language"", ""text"": ""no polarizing language selected"", ""openFeedback"": ""The paragraph reports on protests and political statements. While the phrase 'filled with the governor's appointees' suggests a political bias or lack of independence (potentially 'Doubt'), it is a description of the board's composition in the context of a political figure's argument. It does not clearly cross the threshold into explicit propaganda under conservative guidelines."", ""paragraphIndex"": 2}, {""category"": ""No Polarizing language"", ""subcategory"": ""no polarizing language"", ""text"": ""no polarizing language selected"", ""openFeedback"": ""The paragraph contains strong opinions ('hideous', 'rapist and murderer'), but these are direct quotes reflecting the speaker's view or factual labels based on the conviction. No propaganda techniques detected."", ""paragraphIndex"": 3}]}"
24,"Ocasio-Cortez, Sanders call for climate change emergency mobilization, seeks a re-do of failed Green New Deal",environmental issues,Fox News,right,"{
  ""annotations"": [
    {
      ""text"": ""no polarizing language selected"",
      ""category"": ""No Polarizing language"",
      ""subcategory"": ""no polarizing language"",
      ""paragraphIndex"": 0
    },
    {
      ""text"": ""so-called emergency"",
      ""category"": ""Inflammatory Language"",
      ""subcategory"": ""Doubt"",
      ""paragraphIndex"": 0
    },
    {
      ""text"": ""a radical, top-down, socialist makeover of the entire U.S. economy"",
      ""category"": ""Inflammatory Language"",
      ""subcategory"": ""Name-Calling"",
      ""paragraphIndex"": 1
    },
    {
      ""text"": ""Republicans have railed against the proposal, saying it would devastate the economy and trigger massive tax increases"",
      ""category"": ""Persuasive Propaganda"",
      ""subcategory"": ""Exaggeration"",
      ""paragraphIndex"": 2
    },
    {
      ""text"": ""President Trump has routinely declared phony national emergencies"",
      ""category"": ""Inflammatory Language"",
      ""subcategory"": ""Name-Calling"",
      ""paragraphIndex"": 2
    },
    {
      ""text"": ""to advance his deeply unpopular agenda"",
      ""category"": ""Persuasive Propaganda"",
      ""subcategory"": ""Exaggeration"",
      ""paragraphIndex"": 2
    }
  ]
}","{
  ""title"": ""Ocasio-Cortez, Sanders call for climate change emergency mobilization, seeks a re-do of failed Green New Deal"",
  ""topic"": ""environmental issues"",
  ""source"": ""Fox News"",
  ""rating"": ""right"",
  ""annotations"": [
    {
      ""category"": ""Persuasive Propaganda"",
      ""subcategory"": ""doubt"",
      ""text"": ""address the so-called emergency"",
      ""openFeedback"": ""The use of 'so-called' to modify 'emergency' casts doubt on the validity and seriousness of the declared climate crisis."",
      ""paragraphIndex"": 0
    },
    {
      ""category"": ""Inflammatory Language"",
      ""subcategory"": ""name-calling"",
      ""text"": ""radical, top-down, socialist makeover"",
      ""openFeedback"": ""The text quotes a label describing the proposal as a 'radical' and 'socialist makeover,' using emotionally charged terms to discredit the plan."",
      ""paragraphIndex"": 1
    },
    {
      ""category"": ""Persuasive Propaganda"",
      ""subcategory"": ""exaggeration"",
      ""text"": ""devastate the economy and trigger massive tax increases"",
      ""openFeedback"": ""The claim that the proposal will 'devastate the economy' uses hyperbolic language to predict catastrophic outcomes."",
      ""paragraphIndex"": 2
    }
  ]
}","{
  ""annotations"": [
    {
      ""text"": ""no polarizing language selected"",
      ""category"": ""No Polarizing language"",
      ""subcategory"": ""no polarizing language"",
      ""paragraphIndex"": 0
    },
    {
      ""text"": ""so-called emergency"",
      ""category"": ""Inflammatory Language"",
      ""subcategory"": ""Doubt"",
      ""paragraphIndex"": 0
    },
    {
      ""text"": ""a radical, top-down, socialist makeover of the entire U.S. economy"",
      ""category"": ""Inflammatory Language"",
      ""subcategory"": ""Name-Calling"",
      ""paragraphIndex"": 1
    },
    {
      ""text"": ""a radical, top-down, socialist makeover of the entire U.S. economy"",
      ""category"": ""Persuasive Propaganda"",
      ""subcategory"": ""Exaggeration"",
      ""paragraphIndex"": 1
    },
    {
      ""text"": ""Republicans have railed against the proposal, saying it would devastate the economy and trigger massive tax increases"",
      ""category"": ""Persuasive Propaganda"",
      ""subcategory"": ""Exaggeration"",
      ""paragraphIndex"": 2
    },
    {
      ""text"": ""President Trump has routinely declared phony national emergencies"",
      ""category"": ""Inflammatory Language"",
      ""subcategory"": ""Name-Calling"",
      ""paragraphIndex"": 2
    },
    {
      ""text"": ""phony national emergencies"",
      ""category"": ""Persuasive Propaganda"",
      ""subcategory"": ""Doubt"",
      ""paragraphIndex"": 2
    }
  ]
}","{""title"": ""Ocasio-Cortez, Sanders call for climate change emergency mobilization, seeks a re-do of failed Green New Deal"", ""topic"": ""environmental issues"", ""source"": ""Fox News"", ""rating"": ""right"", ""annotations"": [{""category"": ""No Polarizing language"", ""subcategory"": ""no polarizing language"", ""text"": ""no polarizing language selected"", ""openFeedback"": ""Auto-filled: No Polarizing language / no polarizing language"", ""paragraphIndex"": 0}, {""category"": ""Inflammatory Language"", ""subcategory"": ""doubt"", ""text"": ""so-called emergency"", ""openFeedback"": ""Auto-filled: Inflammatory Language / doubt"", ""paragraphIndex"": 0}, {""category"": ""Inflammatory Language"", ""subcategory"": ""name-calling"", ""text"": ""a radical, top-down, socialist makeover of the entire U.S. economy"", ""openFeedback"": ""Auto-filled: Inflammatory Language / name-calling"", ""paragraphIndex"": 1}, {""category"": ""Persuasive Propaganda"", ""subcategory"": ""exaggeration"", ""text"": ""a radical, top-down, socialist makeover of the entire U.S. economy"", ""openFeedback"": ""Auto-filled: Persuasive Propaganda / exaggeration"", ""paragraphIndex"": 1}, {""category"": ""Persuasive Propaganda"", ""subcategory"": ""exaggeration"", ""text"": ""Republicans have railed against the proposal, saying it would devastate the economy and trigger massive tax increases"", ""openFeedback"": ""Auto-filled: Persuasive Propaganda / exaggeration"", ""paragraphIndex"": 2}, {""category"": ""Inflammatory Language"", ""subcategory"": ""name-calling"", ""text"": ""President Trump has routinely declared phony national emergencies"", ""openFeedback"": ""Auto-filled: Inflammatory Language / name-calling"", ""paragraphIndex"": 2}, {""category"": ""Persuasive Propaganda"", ""subcategory"": ""doubt"", ""text"": ""phony national emergencies"", ""openFeedback"": ""Auto-filled: Persuasive Propaganda / doubt"", ""paragraphIndex"": 2}]}"
25,Gabbard was most searched Democratic candidate after debate despite getting third-lowest speaking time,politics,Fox News,right,"{
  ""annotations"": [
    {
      ""text"": ""a relative unknown mired at the bottom of the crowded Democratic 2020 presidential field"",
      ""category"": ""Inflammatory Language"",
      ""subcategory"": ""Name-Calling"",
      ""paragraphIndex"": 0
    },
    {
      ""text"": ""no polarizing language selected"",
      ""category"": ""No Polarizing language"",
      ""subcategory"": ""no polarizing language"",
      ""paragraphIndex"": 1
    },
    {
      ""text"": ""this president and his chicken hawk cabinet have led us to the brink of war with Iran"",
      ""category"": ""Inflammatory Language"",
      ""subcategory"": ""Name-Calling"",
      ""paragraphIndex"": 2
    },
    {
      ""text"": ""have led us to the brink of war with Iran"",
      ""category"": ""Persuasive Propaganda"",
      ""subcategory"": ""Exaggeration"",
      ""paragraphIndex"": 2
    },
    {
      ""text"": ""no polarizing language selected"",
      ""category"": ""No Polarizing language"",
      ""subcategory"": ""no polarizing language"",
      ""paragraphIndex"": 3
    },
    {
      ""text"": ""THE MOST COMPOSED AND AUTHENTIC"",
      ""category"": ""Inflammatory Language"",
      ""subcategory"": ""Name-Calling"",
      ""paragraphIndex"": 4
    },
    {
      ""text"": ""she's coming across the most composed and authentic"",
      ""category"": ""Inflammatory Language"",
      ""subcategory"": ""Name-Calling"",
      ""paragraphIndex"": 4
    },
    {
      ""text"": ""no polarizing language selected"",
      ""category"": ""No Polarizing language"",
      ""subcategory"": ""no polarizing language"",
      ""paragraphIndex"": 5
    },
    {
      ""text"": ""slamming MSNBC for favoring Warren"",
      ""category"": ""Persuasive Propaganda"",
      ""subcategory"": ""Doubt"",
      ""paragraphIndex"": 6
    },
    {
      ""text"": ""It\u0027s clear who MSNBC wants to be president: Elizabeth Warren"",
      ""category"": ""Persuasive Propaganda"",
      ""subcategory"": ""Doubt"",
      ""paragraphIndex"": 6
    },
    {
      ""text"": ""They\u0027re giving her more time than all the other candidates combined"",
      ""category"": ""Persuasive Propaganda"",
      ""subcategory"": ""Exaggeration"",
      ""paragraphIndex"": 6
    }
  ]
}","{
  ""title"": ""Gabbard was most searched Democratic candidate after debate despite getting third-lowest speaking time"",
  ""topic"": ""politics"",
  ""source"": ""Fox News"",
  ""rating"": ""right"",
  ""annotations"": [
    {
      ""category"": ""Inflammatory Language"",
      ""subcategory"": ""name-calling"",
      ""text"": ""this president and his chicken hawk cabinet"",
      ""openFeedback"": ""The term 'chicken hawk' is a derogatory label used to discredit politicians who advocate for war but have not served in the military."",
      ""paragraphIndex"": 0
    },
    {
      ""category"": ""No Polarizing language"",
      ""subcategory"": ""no polarizing language"",
      ""text"": ""no polarizing language selected"",
      ""openFeedback"": ""The paragraph describes a slideshow and characterizes the exchange as harsh, but does not use explicit inflammatory language."",
      ""paragraphIndex"": 1
    },
    {
      ""category"": ""Persuasive Propaganda"",
      ""subcategory"": ""causal oversimplification"",
      ""text"": ""When we weren't in there, they started flying planes into our buildings"",
      ""openFeedback"": ""This statement simplifies the complex causes of the 9/11 attacks to a single factor (lack of U.S. presence in Afghanistan) to argue for maintaining troops."",
      ""paragraphIndex"": 2
    },
    {
      ""category"": ""No Polarizing language"",
      ""subcategory"": ""no polarizing language"",
      ""text"": ""no polarizing language selected"",
      ""openFeedback"": ""The paragraph reports on praise from a pundit. While it references a past smear ('relationship with Assad'), it does so to contextualize the praise rather than to attack."",
      ""paragraphIndex"": 3
    },
    {
      ""category"": ""No Polarizing language"",
      ""subcategory"": ""no polarizing language"",
      ""text"": ""no polarizing language selected"",
      ""openFeedback"": ""This paragraph contains factual statistics regarding speaking times."",
      ""paragraphIndex"": 4
    },
    {
      ""category"": ""Persuasive Propaganda"",
      ""subcategory"": ""exaggeration"",
      ""text"": ""giving her more time than all the other candidates combined"",
      ""openFeedback"": ""The claim that one candidate received more time than all others combined is factually incorrect (hyperbole) given the statistics presented in the previous paragraph."",
      ""paragraphIndex"": 5
    }
  ]
}","{
  ""annotations"": [
    {
      ""text"": ""no polarizing language selected"",
      ""category"": ""No Polarizing language"",
      ""subcategory"": ""no polarizing language"",
      ""paragraphIndex"": 0
    },
    {
      ""text"": ""no polarizing language selected"",
      ""category"": ""No Polarizing language"",
      ""subcategory"": ""no polarizing language"",
      ""paragraphIndex"": 1
    },
    {
      ""text"": ""this president and his chicken hawk cabinet have led us to the brink of war with Iran"",
      ""category"": ""Inflammatory Language"",
      ""subcategory"": ""Name-Calling"",
      ""paragraphIndex"": 2
    },
    {
      ""text"": ""this president and his chicken hawk cabinet have led us to the brink of war with Iran"",
      ""category"": ""Persuasive Propaganda"",
      ""subcategory"": ""Exaggeration"",
      ""paragraphIndex"": 2
    },
    {
      ""text"": ""no polarizing language selected"",
      ""category"": ""No Polarizing language"",
      ""subcategory"": ""no polarizing language"",
      ""paragraphIndex"": 3
    },
    {
      ""text"": ""slamming MSNBC for favoring Warren"",
      ""category"": ""Persuasive Propaganda"",
      ""subcategory"": ""Doubt"",
      ""paragraphIndex"": 4
    },
    {
      ""text"": ""It\'s clear who MSNBC wants to be president: Elizabeth Warren. They\'re giving her more time than all the other candidates combined. They aren\'t giving any time to Tulsi at all"",
      ""category"": ""Persuasive Propaganda"",
      ""subcategory"": ""Exaggeration"",
      ""paragraphIndex"": 4
    }
  ]
}","{""title"": ""Gabbard was most searched Democratic candidate after debate despite getting third-lowest speaking time"", ""topic"": ""politics"", ""source"": ""Fox News"", ""rating"": ""right"", ""annotations"": [{""category"": ""Inflammatory Language"", ""subcategory"": ""name-calling"", ""text"": ""this president and his chicken hawk cabinet have led us to the brink of war with Iran"", ""openFeedback"": ""Uses the derogatory term \""chicken hawk\"" to insult and discredit the president and his cabinet."", ""paragraphIndex"": 0}, {""category"": ""Persuasive Propaganda"", ""subcategory"": ""exaggeration"", ""text"": ""this president and his chicken hawk cabinet have led us to the brink of war with Iran"", ""openFeedback"": ""Portrays the administration as having brought the country to the very edge of war, which may overstate the immediacy or inevitability of conflict."", ""paragraphIndex"": 0}, {""category"": ""No Polarizing language"", ""subcategory"": ""no polarizing language"", ""text"": ""no polarizing language selected"", ""openFeedback"": ""The paragraph mainly reports on debate dynamics and reactions without using polarizing rhetoric."", ""paragraphIndex"": 1}, {""category"": ""Persuasive Propaganda"", ""subcategory"": ""casual oversimplification"", ""text"": ""When we weren't in there, they started flying planes into our buildings"", ""openFeedback"": ""Reduces the complex causes of the 9/11 attacks to a single factor (U.S. presence or absence in Afghanistan) to justify continued military deployment."", ""paragraphIndex"": 1}, {""category"": ""No Polarizing language"", ""subcategory"": ""no polarizing language"", ""text"": ""no polarizing language selected"", ""openFeedback"": ""This section reports praise and contextual information without clear polarizing or propagandistic language."", ""paragraphIndex"": 2}, {""category"": ""Persuasive Propaganda"", ""subcategory"": ""doubt"", ""text"": ""slamming MSNBC for favoring Warren"", ""openFeedback"": ""Frames MSNBC as biased toward a particular candidate, encouraging skepticism about the network's fairness."", ""paragraphIndex"": 2}, {""category"": ""Persuasive Propaganda"", ""subcategory"": ""doubt"", ""text"": ""It's clear who MSNBC wants to be president: Elizabeth Warren"", ""openFeedback"": ""Asserts that a media outlet has a preferred candidate, fostering distrust in its neutrality."", ""paragraphIndex"": 2}, {""category"": ""Persuasive Propaganda"", ""subcategory"": ""exaggeration"", ""text"": ""They're giving her more time than all the other candidates combined"", ""openFeedback"": ""Claims an extreme imbalance in speaking time that overstates the disparity, functioning as hyperbole."", ""paragraphIndex"": 2}]}"
